rank,first_name,last_name,full_name,gender,nationality,gym_name,profile_photo_url,event,country,year,division,event_category,workout_filter,Strength,Endurance,MetCon X,1RM Strict Press,3RM Back Squat,5RM Deadlift,Run,Row,Points
1,Camilla,Massa,Camilla Massa,Female,,,https://ui-avatars.com/api/?name=C+M&color=FFFFFF&background=000000,ATHX INVITATIONAL MIAMI BEACH,United States 🇺🇸,2026,Female,ATHX Pro,Endurance,,,,,,,3KM,2.549KM,1
2,Terra,Jackson,Terra Jackson,Female,,,https://ui-avatars.com/api/?name=T+J&color=FFFFFF&background=000000,ATHX INVITATIONAL MIAMI BEACH,United States 🇺🇸,2026,Female,ATHX Pro,Endurance,,,,,,,3KM,2.496KM,2
3,Emily,Rolfe,Emily Rolfe,Female,,,https://ui-avatars.com/api/?name=E+R&color=FFFFFF&background=000000,ATHX INVITATIONAL MIAMI BEACH,United States 🇺🇸,2026,Female,ATHX Pro,Endurance,,,,,,,3KM,2.474KM,3
4,Sydney,Wells,Sydney Wells,Female,,,https://ui-avatars.com/api/?name=S+W&color=FFFFFF&background=000000,ATHX INVITATIONAL MIAMI BEACH,United States 🇺🇸,2026,Female,ATHX Pro,Endurance,,,,,,,3KM,2.356KM,4
5,Arielle,Loewen,Arielle Loewen,Female,,,https://ui-avatars.com/api/?name=A+L&color=FFFFFF&background=000000,ATHX INVITATIONAL MIAMI BEACH,United States 🇺🇸,2026,Female,ATHX Pro,Endurance,,,,,,,3KM,2.211KM,5
6,Jennifer,Muir,Jennifer Muir,Female,United Kingdom,CrossFit Kirkintilloch,https://ui-avatars.com/api/?name=J+M&color=FFFFFF&background=000000,ATHX INVITATIONAL MIAMI BEACH,United States 🇺🇸,2026,Female,ATHX Pro,Endurance,,,,,,,3KM,2.09KM,6
7,Hannah,Black,Hannah Black,Female,,,https://ui-avatars.com/api/?name=H+B&color=FFFFFF&background=000000,ATHX INVITATIONAL MIAMI BEACH,United States 🇺🇸,2026,Female,ATHX Pro,Endurance,,,,,,,3KM,2.029KM,7
8,Lauren,Rantala,Lauren Rantala,Female,United States,Ranta Howe Fit,https://ui-avatars.com/api/?name=L+R&color=FFFFFF&background=000000,ATHX INVITATIONAL MIAMI BEACH,United States 🇺🇸,2026,Female,ATHX Pro,Endurance,,,,,,,3KM,2.012KM,8
9,Sydney,Smith,Sydney Smith,Female,,,https://ui-avatars.com/api/?name=S+S&color=FFFFFF&background=000000,ATHX INVITATIONAL MIAMI BEACH,United States 🇺🇸,2026,Female,ATHX Pro,Endurance,,,,,,,3KM,2.006KM,9
10,Lindsay,Bessegato,Lindsay Bessegato,Female,Canada,,https://ui-avatars.com/api/?name=L+B&color=FFFFFF&background=000000,ATHX INVITATIONAL MIAMI BEACH,United States 🇺🇸,2026,Female,ATHX Pro,Endurance,,,,,,,3KM,2KM,10
11,Lena,Richter,Lena Richter,Female,,,https://ui-avatars.com/api/?name=L+R&color=FFFFFF&background=000000,ATHX INVITATIONAL MIAMI BEACH,United States 🇺🇸,2026,Female,ATHX Pro,Endurance,,,,,,,2.842KM,2.018KM,11
12,Sasha,Nievas,Sasha Nievas,Female,,,https://ui-avatars.com/api/?name=S+N&color=FFFFFF&background=000000,ATHX INVITATIONAL MIAMI BEACH,United States 🇺🇸,2026,Female,ATHX Pro,Endurance,,,,,,,2.293KM,2.011KM,12
13,Alexia,Zuloaga,Alexia Zuloaga,Female,,,https://ui-avatars.com/api/?name=A+Z&color=FFFFFF&background=000000,ATHX INVITATIONAL MIAMI BEACH,United States 🇺🇸,2026,Female,ATHX Pro,Endurance,,,,,,,2.036KM,2.005KM,13
14,Erin,Murray,Erin Murray,Female,,,https://ui-avatars.com/api/?name=E+M&color=FFFFFF&background=000000,ATHX INVITATIONAL MIAMI BEACH,United States 🇺🇸,2026,Female,ATHX Pro,Endurance,,,,,,,2KM,1.648KM,14
15,Sherrie,Gonzalez,Sherrie Gonzalez,Female,United States,One Asterisk CrossFit,https://ui-avatars.com/api/?name=S+G&color=FFFFFF&background=000000,ATHX INVITATIONAL MIAMI BEACH,United States 🇺🇸,2026,Female,ATHX Pro,Endurance,,,,,,,1.75KM,1.727KM,15
1,Ty,Jenkins,Ty Jenkins,Male,,,https://ui-avatars.com/api/?name=T+J&color=FFFFFF&background=000000,ATHX INVITATIONAL MIAMI BEACH,United States 🇺🇸,2026,Male,ATHX Pro,Overall,7 (510KG),3 (5.817KM),3 (10:30),,,,,,13
2,Nick,Mathew,Nick Mathew,Male,,,https://ui-avatars.com/api/?name=N+M&color=FFFFFF&background=000000,ATHX INVITATIONAL MIAMI BEACH,United States 🇺🇸,2026,Male,ATHX Pro,Overall,1 (555KG),9 (5.441KM),4 (11:10),,,,,,14
3,Jorge,Fernandez,Jorge Fernandez,Male,,,https://ui-avatars.com/api/?name=J+F&color=FFFFFF&background=000000,ATHX INVITATIONAL MIAMI BEACH,United States 🇺🇸,2026,Male,ATHX Pro,Overall,4 (520KG),5 (5.63KM),5 (11:11),,,,,,14
4,Cole,Learn,Cole Learn,Male,,,https://ui-avatars.com/api/?name=C+L&color=FFFFFF&background=000000,ATHX INVITATIONAL MIAMI BEACH,United States 🇺🇸,2026,Male,ATHX Pro,Overall,20 (403KG),1 (6.011KM),1 (09:35),,,,,,22
5,Nate,Ackerman,Nate Ackerman,Male,,,https://ui-avatars.com/api/?name=N+A&color=FFFFFF&background=000000,ATHX INVITATIONAL MIAMI BEACH,United States 🇺🇸,2026,Male,ATHX Pro,Overall,3 (530KG),17 (5KM),2 (10:25),,,,,,22
6,Tola,Morakinyo,Tola Morakinyo,Male,,,https://ui-avatars.com/api/?name=T+M&color=FFFFFF&background=000000,ATHX INVITATIONAL MIAMI BEACH,United States 🇺🇸,2026,Male,ATHX Pro,Overall,2 (533KG),12 (5.235KM),11 (13:15),,,,,,25
7,Kaique,Cerveny,Kaique Cerveny,Male,,,https://ui-avatars.com/api/?name=K+C&color=FFFFFF&background=000000,ATHX INVITATIONAL MIAMI BEACH,United States 🇺🇸,2026,Male,ATHX Pro,Overall,14 (435KG),7 (5.529KM),7 (11:19),,,,,,28
8,Fabian,Johnson,Fabian Johnson,Male,United Kingdom,Marchon,https://athxgames.com/storage/profile-photos/ERY0izAiNIA7iqSt2lkS1s5qICA0roeGCNn8PfD1.jpg,ATHX INVITATIONAL MIAMI BEACH,United States 🇺🇸,2026,Male,ATHX Pro,Overall,17 (425KG),4 (5.766KM),10 (13:09),,,,,,31
9,Khan,Porter,Khan Porter,Male,Australia,,https://ui-avatars.com/api/?name=K+P&color=FFFFFF&background=000000,ATHX INVITATIONAL MIAMI BEACH,United States 🇺🇸,2026,Male,ATHX Pro,Overall,11 (465KG),13 (5.114KM),9 (12:36),,,,,,33
10,Benjamin,Amsallem,Benjamin Amsallem,Male,,,https://ui-avatars.com/api/?name=B+A&color=FFFFFF&background=000000,ATHX INVITATIONAL MIAMI BEACH,United States 🇺🇸,2026,Male,ATHX Pro,Overall,24 (330KG),2 (5.988KM),8 (12:11),,,,,,34
11,Thomas,Krogh,Thomas Krogh,Male,,,https://ui-avatars.com/api/?name=T+K&color=FFFFFF&background=000000,ATHX INVITATIONAL MIAMI BEACH,United States 🇺🇸,2026,Male,ATHX Pro,Overall,11 (465KG),11 (5.241KM),12 (14:52),,,,,,34
12,Daniel,Nides,Daniel Nides,Male,United States,Summit,https://athxgames.com/storage/profile-photos/bc10Qj3ukfuKrdcYZOf1YKp3PD76oEinOGx6PL66.jpg,ATHX INVITATIONAL MIAMI BEACH,United States 🇺🇸,2026,Male,ATHX Pro,Overall,4 (520KG),15 (5.011KM),18 (17:29),,,,,,37
13,Jonne,Koski,Jonne Koski,Male,,,https://ui-avatars.com/api/?name=J+K&color=FFFFFF&background=000000,ATHX INVITATIONAL MIAMI BEACH,United States 🇺🇸,2026,Male,ATHX Pro,Overall,8 (492KG),26 (4.283KM),5 (11:11),,,,,,39
14,Nino,Polletta,Nino Polletta,Male,,,https://ui-avatars.com/api/?name=N+P&color=FFFFFF&background=000000,ATHX INVITATIONAL MIAMI BEACH,United States 🇺🇸,2026,Male,ATHX Pro,Overall,21 (390KG),6 (5.575KM),13 (15:13),,,,,,40
14,Tashon,Marté,Tashon Marté,Male,,,https://athxgames.com/storage/profile-photos/YzNdYiJvsTGGDXxbxZfcuJzdOIHS5n34Iw9UYVbP.jpg,ATHX INVITATIONAL MIAMI BEACH,United States 🇺🇸,2026,Male,ATHX Pro,Overall,13 (448KG),10 (5.397KM),17 (16:34),,,,,,40
16,Daniel,Alegrete,Daniel Alegrete,Male,,,https://ui-avatars.com/api/?name=D+A&color=FFFFFF&background=000000,ATHX INVITATIONAL MIAMI BEACH,United States 🇺🇸,2026,Male,ATHX Pro,Overall,18 (418KG),8 (5.476KM),15 (15:52),,,,,,41
17,Jesus,Ramos,Jesus Ramos,Male,Puerto Rico,,https://ui-avatars.com/api/?name=J+R&color=FFFFFF&background=000000,ATHX INVITATIONAL MIAMI BEACH,United States 🇺🇸,2026,Male,ATHX Pro,Overall,10 (470KG),20 (4.779KM),14 (15:15),,,,,,44
18,Scott,Freymond,Scott Freymond,Male,,,https://ui-avatars.com/api/?name=S+F&color=FFFFFF&background=000000,ATHX INVITATIONAL MIAMI BEACH,United States 🇺🇸,2026,Male,ATHX Pro,Overall,22 (371KG),16 (5.008KM),19 (17:33),,,,,,57
18,Jan,Zimmermann,Jan Zimmermann,Male,Germany,,https://ui-avatars.com/api/?name=J+Z&color=FFFFFF&background=000000,ATHX INVITATIONAL MIAMI BEACH,United States 🇺🇸,2026,Male,ATHX Pro,Overall,9 (478KG),25 (4.397KM),23 (21:07),,,,,,57
20,Armando,Santos,Armando Santos,Male,Dominican Republic,Jungla Training,https://athxgames.com/storage/profile-photos/mK7bMtLQi0DWFg8gpf62pCJViQfsDyuq8qstzM5a.jpg,ATHX INVITATIONAL MIAMI BEACH,United States 🇺🇸,2026,Male,ATHX Pro,Overall,14 (435KG),24 (4.532KM),21 (18:40),,,,,,59
21,Mfon,Ubaha,Mfon Ubaha,Male,,,https://ui-avatars.com/api/?name=M+U&color=FFFFFF&background=000000,ATHX INVITATIONAL MIAMI BEACH,United States 🇺🇸,2026,Male,ATHX Pro,Overall,6 (516KG),27 (4.271KM),27 (25:08),,,,,,60
21,Ulrich,Dieguez,Ulrich Dieguez,Male,,,https://ui-avatars.com/api/?name=U+D&color=FFFFFF&background=000000,ATHX INVITATIONAL MIAMI BEACH,United States 🇺🇸,2026,Male,ATHX Pro,Overall,19 (410KG),21 (4.756KM),20 (18:20),,,,,,60
23,Marco,Melone,Marco Melone,Male,Italy,Flow Brickell,https://athxgames.com/storage/profile-photos/44UyqXjlzBQ91Gn3lkQqs9ONNGqIqcg4CFD6jYSn.jpg,ATHX INVITATIONAL MIAMI BEACH,United States 🇺🇸,2026,Male,ATHX Pro,Overall,23 (358KG),14 (5.016KM),24 (21:11),,,,,,61
24,Eric,Moore,Eric Moore,Male,,,https://ui-avatars.com/api/?name=E+M&color=FFFFFF&background=000000,ATHX INVITATIONAL MIAMI BEACH,United States 🇺🇸,2026,Male,ATHX Pro,Overall,16 (430KG),23 (4.715KM),25 (21:17),,,,,,64
25,Gilberto Armando,Parra Beas,Gilberto Armando Parra Beas,Male,Mexico,Frame athletic club,https://ui-avatars.com/api/?name=G+A+P+B&color=FFFFFF&background=000000,ATHX INVITATIONAL MIAMI BEACH,United States 🇺🇸,2026,Male,ATHX Pro,Overall,24 (330KG),18 (4.988KM),26 (21:29),,,,,,68
26,Stephen,O’Dea,Stephen O’Dea,Male,,,https://ui-avatars.com/api/?name=S+O&color=FFFFFF&background=000000,ATHX INVITATIONAL MIAMI BEACH,United States 🇺🇸,2026,Male,ATHX Pro,Overall,26 (323KG),22 (4.727KM),22 (19:06),,,,,,70
27,travis,frenzel,travis frenzel,Male,,,https://ui-avatars.com/api/?name=t+f&color=FFFFFF&background=000000,ATHX INVITATIONAL MIAMI BEACH,United States 🇺🇸,2026,Male,ATHX Pro,Overall,27 (270KG),19 (4.879KM),28 (26:45),,,,,,74
1,Cole,Learn,Cole Learn,Male,,,https://ui-avatars.com/api/?name=C+L&color=FFFFFF&background=000000,ATHX INVITATIONAL MIAMI BEACH,United States 🇺🇸,2026,Male,ATHX Pro,Endurance,,,,,,,3KM,3.011KM,1
2,Benjamin,Amsallem,Benjamin Amsallem,Male,,,https://ui-avatars.com/api/?name=B+A&color=FFFFFF&background=000000,ATHX INVITATIONAL MIAMI BEACH,United States 🇺🇸,2026,Male,ATHX Pro,Endurance,,,,,,,3KM,2.988KM,2
3,Ty,Jenkins,Ty Jenkins,Male,,,https://ui-avatars.com/api/?name=T+J&color=FFFFFF&background=000000,ATHX INVITATIONAL MIAMI BEACH,United States 🇺🇸,2026,Male,ATHX Pro,Endurance,,,,,,,3KM,2.817KM,3
4,Fabian,Johnson,Fabian Johnson,Male,United Kingdom,Marchon,https://athxgames.com/storage/profile-photos/ERY0izAiNIA7iqSt2lkS1s5qICA0roeGCNn8PfD1.jpg,ATHX INVITATIONAL MIAMI BEACH,United States 🇺🇸,2026,Male,ATHX Pro,Endurance,,,,,,,3KM,2.766KM,4
5,Jorge,Fernandez,Jorge Fernandez,Male,,,https://ui-avatars.com/api/?name=J+F&color=FFFFFF&background=000000,ATHX INVITATIONAL MIAMI BEACH,United States 🇺🇸,2026,Male,ATHX Pro,Endurance,,,,,,,3KM,2.63KM,5
6,Nino,Polletta,Nino Polletta,Male,,,https://ui-avatars.com/api/?name=N+P&color=FFFFFF&background=000000,ATHX INVITATIONAL MIAMI BEACH,United States 🇺🇸,2026,Male,ATHX Pro,Endurance,,,,,,,3.546KM,2.029KM,6
7,Kaique,Cerveny,Kaique Cerveny,Male,,,https://ui-avatars.com/api/?name=K+C&color=FFFFFF&background=000000,ATHX INVITATIONAL MIAMI BEACH,United States 🇺🇸,2026,Male,ATHX Pro,Endurance,,,,,,,3KM,2.529KM,7
8,Daniel,Alegrete,Daniel Alegrete,Male,,,https://ui-avatars.com/api/?name=D+A&color=FFFFFF&background=000000,ATHX INVITATIONAL MIAMI BEACH,United States 🇺🇸,2026,Male,ATHX Pro,Endurance,,,,,,,3KM,2.476KM,8
9,Nick,Mathew,Nick Mathew,Male,,,https://ui-avatars.com/api/?name=N+M&color=FFFFFF&background=000000,ATHX INVITATIONAL MIAMI BEACH,United States 🇺🇸,2026,Male,ATHX Pro,Endurance,,,,,,,3KM,2.441KM,9
10,Tashon,Marté,Tashon Marté,Male,,,https://athxgames.com/storage/profile-photos/YzNdYiJvsTGGDXxbxZfcuJzdOIHS5n34Iw9UYVbP.jpg,ATHX INVITATIONAL MIAMI BEACH,United States 🇺🇸,2026,Male,ATHX Pro,Endurance,,,,,,,3KM,2.397KM,10
11,Thomas,Krogh,Thomas Krogh,Male,,,https://ui-avatars.com/api/?name=T+K&color=FFFFFF&background=000000,ATHX INVITATIONAL MIAMI BEACH,United States 🇺🇸,2026,Male,ATHX Pro,Endurance,,,,,,,3KM,2.241KM,11
12,Tola,Morakinyo,Tola Morakinyo,Male,,,https://ui-avatars.com/api/?name=T+M&color=FFFFFF&background=000000,ATHX INVITATIONAL MIAMI BEACH,United States 🇺🇸,2026,Male,ATHX Pro,Endurance,,,,,,,3KM,2.235KM,12
13,Khan,Porter,Khan Porter,Male,Australia,,https://ui-avatars.com/api/?name=K+P&color=FFFFFF&background=000000,ATHX INVITATIONAL MIAMI BEACH,United States 🇺🇸,2026,Male,ATHX Pro,Endurance,,,,,,,3KM,2.114KM,13
14,Marco,Melone,Marco Melone,Male,Italy,Flow Brickell,https://athxgames.com/storage/profile-photos/44UyqXjlzBQ91Gn3lkQqs9ONNGqIqcg4CFD6jYSn.jpg,ATHX INVITATIONAL MIAMI BEACH,United States 🇺🇸,2026,Male,ATHX Pro,Endurance,,,,,,,3KM,2.016KM,14
15,Daniel,Nides,Daniel Nides,Male,United States,Summit,https://athxgames.com/storage/profile-photos/bc10Qj3ukfuKrdcYZOf1YKp3PD76oEinOGx6PL66.jpg,ATHX INVITATIONAL MIAMI BEACH,United States 🇺🇸,2026,Male,ATHX Pro,Endurance,,,,,,,3KM,2.011KM,15
16,Scott,Freymond,Scott Freymond,Male,,,https://ui-avatars.com/api/?name=S+F&color=FFFFFF&background=000000,ATHX INVITATIONAL MIAMI BEACH,United States 🇺🇸,2026,Male,ATHX Pro,Endurance,,,,,,,3KM,2.008KM,16
17,Nate,Ackerman,Nate Ackerman,Male,,,https://ui-avatars.com/api/?name=N+A&color=FFFFFF&background=000000,ATHX INVITATIONAL MIAMI BEACH,United States 🇺🇸,2026,Male,ATHX Pro,Endurance,,,,,,,3KM,2KM,17
18,Gilberto Armando,Parra Beas,Gilberto Armando Parra Beas,Male,Mexico,Frame athletic club,https://ui-avatars.com/api/?name=G+A+P+B&color=FFFFFF&background=000000,ATHX INVITATIONAL MIAMI BEACH,United States 🇺🇸,2026,Male,ATHX Pro,Endurance,,,,,,,2.976KM,2.012KM,18
19,travis,frenzel,travis frenzel,Male,,,https://ui-avatars.com/api/?name=t+f&color=FFFFFF&background=000000,ATHX INVITATIONAL MIAMI BEACH,United States 🇺🇸,2026,Male,ATHX Pro,Endurance,,,,,,,2.87KM,2.009KM,19
20,Jesus,Ramos,Jesus Ramos,Male,Puerto Rico,,https://ui-avatars.com/api/?name=J+R&color=FFFFFF&background=000000,ATHX INVITATIONAL MIAMI BEACH,United States 🇺🇸,2026,Male,ATHX Pro,Endurance,,,,,,,2.5KM,2.279KM,20
21,Ulrich,Dieguez,Ulrich Dieguez,Male,,,https://ui-avatars.com/api/?name=U+D&color=FFFFFF&background=000000,ATHX INVITATIONAL MIAMI BEACH,United States 🇺🇸,2026,Male,ATHX Pro,Endurance,,,,,,,2.745KM,2.011KM,21
22,Stephen,O’Dea,Stephen O’Dea,Male,,,https://ui-avatars.com/api/?name=S+O&color=FFFFFF&background=000000,ATHX INVITATIONAL MIAMI BEACH,United States 🇺🇸,2026,Male,ATHX Pro,Endurance,,,,,,,2.716KM,2.011KM,22
23,Eric,Moore,Eric Moore,Male,,,https://ui-avatars.com/api/?name=E+M&color=FFFFFF&background=000000,ATHX INVITATIONAL MIAMI BEACH,United States 🇺🇸,2026,Male,ATHX Pro,Endurance,,,,,,,2.702KM,2.013KM,23
24,Armando,Santos,Armando Santos,Male,Dominican Republic,Jungla Training,https://athxgames.com/storage/profile-photos/mK7bMtLQi0DWFg8gpf62pCJViQfsDyuq8qstzM5a.jpg,ATHX INVITATIONAL MIAMI BEACH,United States 🇺🇸,2026,Male,ATHX Pro,Endurance,,,,,,,2.53KM,2.002KM,24
25,Jan,Zimmermann,Jan Zimmermann,Male,Germany,,https://ui-avatars.com/api/?name=J+Z&color=FFFFFF&background=000000,ATHX INVITATIONAL MIAMI BEACH,United States 🇺🇸,2026,Male,ATHX Pro,Endurance,,,,,,,2.38KM,2.017KM,25
26,Jonne,Koski,Jonne Koski,Male,,,https://ui-avatars.com/api/?name=J+K&color=FFFFFF&background=000000,ATHX INVITATIONAL MIAMI BEACH,United States 🇺🇸,2026,Male,ATHX Pro,Endurance,,,,,,,2.283KM,2KM,26
27,Mfon,Ubaha,Mfon Ubaha,Male,,,https://ui-avatars.com/api/?name=M+U&color=FFFFFF&background=000000,ATHX INVITATIONAL MIAMI BEACH,United States 🇺🇸,2026,Male,ATHX Pro,Endurance,,,,,,,2.257KM,2.014KM,27
1,Kristian,Williams,Kristian Williams,Male,,,https://ui-avatars.com/api/?name=K+W&color=FFFFFF&background=000000,ATHX INVITATIONAL MIAMI BEACH,United States 🇺🇸,2026,Male,ATHX,Strength,,,,85KG,170KG,210KG,,,1
2,Nicholas,Mantzaridis,Nicholas Mantzaridis,Male,United States,CrossFit Wynwood,https://athxgames.com/storage/profile-photos/dyaL9tsUloM46K1U7iDegV1DUXD7sgMjJR5O0A70.jpg,ATHX INVITATIONAL MIAMI BEACH,United States 🇺🇸,2026,Male,ATHX,Strength,,,,87KG,170KG,200KG,,,2
3,Jake,Murray,Jake Murray,Male,,,https://ui-avatars.com/api/?name=J+M&color=FFFFFF&background=000000,ATHX INVITATIONAL MIAMI BEACH,United States 🇺🇸,2026,Male,ATHX,Strength,,,,90KG,180KG,180KG,,,3
4,Alexis,Barraza,Alexis Barraza,Male,,,https://ui-avatars.com/api/?name=A+B&color=FFFFFF&background=000000,ATHX INVITATIONAL MIAMI BEACH,United States 🇺🇸,2026,Male,ATHX,Strength,,,,100KG,170KG,170KG,,,4
5,Joel,Murray,Joel Murray,Male,,,https://ui-avatars.com/api/?name=J+M&color=FFFFFF&background=000000,ATHX INVITATIONAL MIAMI BEACH,United States 🇺🇸,2026,Male,ATHX,Strength,,,,70KG,150KG,190KG,,,5
5,Frank,Joly,Frank Joly,Male,Canada,Frank  Joly,https://athxgames.com/storage/profile-photos/MsT5pEaWYHZBImrfYOnI0ghTHD95pwhyDf4JR3ef.jpg,ATHX INVITATIONAL MIAMI BEACH,United States 🇺🇸,2026,Male,ATHX,Strength,,,,80KG,150KG,180KG,,,5
5,Jacob,Fenton,Jacob Fenton,Male,,,https://ui-avatars.com/api/?name=J+F&color=FFFFFF&background=000000,ATHX INVITATIONAL MIAMI BEACH,United States 🇺🇸,2026,Male,ATHX,Strength,,,,85KG,150KG,175KG,,,5
8,Connor,McCormick,Connor McCormick,Male,,,https://ui-avatars.com/api/?name=C+M&color=FFFFFF&background=000000,ATHX INVITATIONAL MIAMI BEACH,United States 🇺🇸,2026,Male,ATHX,Strength,,,,67KG,157KG,183KG,,,8
9,Rick,Chavez,Rick Chavez,Male,,,https://ui-avatars.com/api/?name=R+C&color=FFFFFF&background=000000,ATHX INVITATIONAL MIAMI BEACH,United States 🇺🇸,2026,Male,ATHX,Strength,,,,75KG,160KG,170KG,,,9
10,Joshy,Gomez,Joshy Gomez,Male,Venezuela,Tropical Fitness,https://athxgames.com/storage/profile-photos/AieI3AYunAQId4hcKsRAR1gyQAwQHl0CvigTm6UW.jpg,ATHX INVITATIONAL MIAMI BEACH,United States 🇺🇸,2026,Male,ATHX,Strength,,,,90KG,150KG,160KG,,,10
10,Eric,Aguilar,Eric Aguilar,Male,,,https://ui-avatars.com/api/?name=E+A&color=FFFFFF&background=000000,ATHX INVITATIONAL MIAMI BEACH,United States 🇺🇸,2026,Male,ATHX,Strength,,,,80KG,135KG,185KG,,,10
10,Bohdan,Yakovliev,Bohdan Yakovliev,Male,,,https://athxgames.com/storage/profile-photos/Jp4po3jMMvBWmNrBKSv66j9MJtsLuyV9xjYJQ0cV.jpg,ATHX INVITATIONAL MIAMI BEACH,United States 🇺🇸,2026,Male,ATHX,Strength,,,,80KG,140KG,180KG,,,10
13,Jason,Senn,Jason Senn,Male,United States,CrossFit Humidity,https://ui-avatars.com/api/?name=J+S&color=FFFFFF&background=000000,ATHX INVITATIONAL MIAMI BEACH,United States 🇺🇸,2026,Male,ATHX,Strength,,,,73KG,140KG,170KG,,,13
14,Johnnatan,Carbonell,Johnnatan Carbonell,Male,,,https://ui-avatars.com/api/?name=J+C&color=FFFFFF&background=000000,ATHX INVITATIONAL MIAMI BEACH,United States 🇺🇸,2026,Male,ATHX,Strength,,,,80KG,120KG,160KG,,,14
15,William,Barthau,William Barthau,Male,,,https://ui-avatars.com/api/?name=W+B&color=FFFFFF&background=000000,ATHX INVITATIONAL MIAMI BEACH,United States 🇺🇸,2026,Male,ATHX,Strength,,,,70KG,130KG,150KG,,,15
16,Alexandre,Villanueva,Alexandre Villanueva,Male,,,https://ui-avatars.com/api/?name=A+V&color=FFFFFF&background=000000,ATHX INVITATIONAL MIAMI BEACH,United States 🇺🇸,2026,Male,ATHX,Strength,,,,43KG,120KG,180KG,,,16
17,Deyvi,Bone,Deyvi Bone,Male,,,https://ui-avatars.com/api/?name=D+B&color=FFFFFF&background=000000,ATHX INVITATIONAL MIAMI BEACH,United States 🇺🇸,2026,Male,ATHX,Strength,,,,90KG,110KG,130KG,,,17
17,Paul,Dzhugostran,Paul Dzhugostran,Male,,,https://ui-avatars.com/api/?name=P+D&color=FFFFFF&background=000000,ATHX INVITATIONAL MIAMI BEACH,United States 🇺🇸,2026,Male,ATHX,Strength,,,,60KG,120KG,150KG,,,17
17,Khamahri,Ward,Khamahri Ward,Male,,,https://ui-avatars.com/api/?name=K+W&color=FFFFFF&background=000000,ATHX INVITATIONAL MIAMI BEACH,United States 🇺🇸,2026,Male,ATHX,Strength,,,,80KG,110KG,140KG,,,17
20,Shawn,Noy,Shawn Noy,Male,,,https://ui-avatars.com/api/?name=S+N&color=FFFFFF&background=000000,ATHX INVITATIONAL MIAMI BEACH,United States 🇺🇸,2026,Male,ATHX,Strength,,,,70KG,120KG,138KG,,,20
21,Blake,Sperling,Blake Sperling,Male,,,https://ui-avatars.com/api/?name=B+S&color=FFFFFF&background=000000,ATHX INVITATIONAL MIAMI BEACH,United States 🇺🇸,2026,Male,ATHX,Strength,,,,75KG,97KG,155KG,,,21
22,Edgar,Gallegos,Edgar Gallegos,Male,,,https://ui-avatars.com/api/?name=E+G&color=FFFFFF&background=000000,ATHX INVITATIONAL MIAMI BEACH,United States 🇺🇸,2026,Male,ATHX,Strength,,,,65KG,120KG,140KG,,,22
23,Daniel,Maya,Daniel Maya,Male,United States,BlackSheep CrossFit,https://ui-avatars.com/api/?name=D+M&color=FFFFFF&background=000000,ATHX INVITATIONAL MIAMI BEACH,United States 🇺🇸,2026,Male,ATHX,Strength,,,,70KG,110KG,140KG,,,23
24,Viktor,Rodriguez,Viktor Rodriguez,Male,,,https://ui-avatars.com/api/?name=V+R&color=FFFFFF&background=000000,ATHX INVITATIONAL MIAMI BEACH,United States 🇺🇸,2026,Male,ATHX,Strength,,,,75KG,90KG,145KG,,,24
24,Kingston,Marley,Kingston Marley,Male,,,https://ui-avatars.com/api/?name=K+M&color=FFFFFF&background=000000,ATHX INVITATIONAL MIAMI BEACH,United States 🇺🇸,2026,Male,ATHX,Strength,,,,50KG,140KG,120KG,,,24
24,Cyrus,Marinay,Cyrus Marinay,Male,,,https://ui-avatars.com/api/?name=C+M&color=FFFFFF&background=000000,ATHX INVITATIONAL MIAMI BEACH,United States 🇺🇸,2026,Male,ATHX,Strength,,,,70KG,120KG,120KG,,,24
27,Benjamin,Kosinski,Benjamin Kosinski,Male,,,https://ui-avatars.com/api/?name=B+K&color=FFFFFF&background=000000,ATHX INVITATIONAL MIAMI BEACH,United States 🇺🇸,2026,Male,ATHX,Strength,,,,65KG,95KG,140KG,,,27
28,Andres,Casal,Andres Casal,Male,Ecuador,Old Guys Box,https://athxgames.com/storage/profile-photos/bWtM8hOYwBkwLkr2fhqjoG68GNfNpOVuysYdTrFG.jpg,ATHX INVITATIONAL MIAMI BEACH,United States 🇺🇸,2026,Male,ATHX,Strength,,,,65KG,100KG,130KG,,,28
29,Reggie,Walker,Reggie Walker,Male,,,https://ui-avatars.com/api/?name=R+W&color=FFFFFF&background=000000,ATHX INVITATIONAL MIAMI BEACH,United States 🇺🇸,2026,Male,ATHX,Strength,,,,60KG,75KG,125KG,,,29
30,Brian,Friend,Brian Friend,Male,,,https://ui-avatars.com/api/?name=B+F&color=FFFFFF&background=000000,ATHX INVITATIONAL MIAMI BEACH,United States 🇺🇸,2026,Male,ATHX,Strength,,,,50KG,100KG,100KG,,,30
31,Jaycarl,Ellis,Jaycarl Ellis,Male,,,https://athxgames.com/storage/profile-photos/OmCCdHpb6TB9Kancku9daSoioWCGJ1b2KSuyLAa0.jpg,ATHX INVITATIONAL MIAMI BEACH,United States 🇺🇸,2026,Male,ATHX,Strength,,,,58KG,90KG,80KG,,,31
32,Gilbert,Fuchs,Gilbert Fuchs,Male,,,https://ui-avatars.com/api/?name=G+F&color=FFFFFF&background=000000,ATHX INVITATIONAL MIAMI BEACH,United States 🇺🇸,2026,Male,ATHX,Strength,,,,50KG,80KG,90KG,,,32
33,Oliver,Rack,Oliver Rack,Male,,,https://athxgames.com/storage/profile-photos/Yvcz7MO68U1d6cFUO4nzfkXAvv2cLvJWw825QwZv.jpg,ATHX INVITATIONAL MIAMI BEACH,United States 🇺🇸,2026,Male,ATHX,Strength,,,,35KG,65KG,75KG,,,33
1,Grace,Williams,Grace Williams,Female,,,https://ui-avatars.com/api/?name=G+W&color=FFFFFF&background=000000,ATHX INVITATIONAL MIAMI BEACH,United States 🇺🇸,2026,Female,ATHX,Strength,,,,70KG,85KG,130KG,,,1
2,Paula,Leyes,Paula Leyes,Female,,,https://ui-avatars.com/api/?name=P+L&color=FFFFFF&background=000000,ATHX INVITATIONAL MIAMI BEACH,United States 🇺🇸,2026,Female,ATHX,Strength,,,,55KG,100KG,120KG,,,2
3,Lindsay,Craig,Lindsay Craig,Female,,,https://ui-avatars.com/api/?name=L+C&color=FFFFFF&background=000000,ATHX INVITATIONAL MIAMI BEACH,United States 🇺🇸,2026,Female,ATHX,Strength,,,,43KG,85KG,110KG,,,3
4,Ibis,Abreu,Ibis Abreu,Female,United States,Knockout Miami Lakes,https://athxgames.com/storage/profile-photos/3IE4xpZKsnD3yW6BcZ2Pyo1P8NCMIDU0lqOEdACY.jpg,ATHX INVITATIONAL MIAMI BEACH,United States 🇺🇸,2026,Female,ATHX,Strength,,,,43KG,90KG,98KG,,,4
5,Sarah,Watkins,Sarah Watkins,Female,,,https://ui-avatars.com/api/?name=S+W&color=FFFFFF&background=000000,ATHX INVITATIONAL MIAMI BEACH,United States 🇺🇸,2026,Female,ATHX,Strength,,,,38KG,65KG,100KG,,,5
6,Jess,Nichole,Jess Nichole,Female,,,https://ui-avatars.com/api/?name=J+N&color=FFFFFF&background=000000,ATHX INVITATIONAL MIAMI BEACH,United States 🇺🇸,2026,Female,ATHX,Strength,,,,35KG,80KG,78KG,,,6
7,Carolina,Vengoechea,Carolina Vengoechea,Female,,,https://ui-avatars.com/api/?name=C+V&color=FFFFFF&background=000000,ATHX INVITATIONAL MIAMI BEACH,United States 🇺🇸,2026,Female,ATHX,Strength,,,,38KG,65KG,85KG,,,7
8,Carolina,Bada,Carolina Bada,Female,,,https://ui-avatars.com/api/?name=C+B&color=FFFFFF&background=000000,ATHX INVITATIONAL MIAMI BEACH,United States 🇺🇸,2026,Female,ATHX,Strength,,,,38KG,68KG,78KG,,,8
9,Heidi,Williams,Heidi Williams,Female,,,https://ui-avatars.com/api/?name=H+W&color=FFFFFF&background=000000,ATHX INVITATIONAL MIAMI BEACH,United States 🇺🇸,2026,Female,ATHX,Strength,,,,45KG,65KG,70KG,,,9
10,Lauryn,Boggs,Lauryn Boggs,Female,,,https://ui-avatars.com/api/?name=L+B&color=FFFFFF&background=000000,ATHX INVITATIONAL MIAMI BEACH,United States 🇺🇸,2026,Female,ATHX,Strength,,,,35KG,65KG,78KG,,,10
1,Connor,McCormick,Connor McCormick,Male,,,https://ui-avatars.com/api/?name=C+M&color=FFFFFF&background=000000,ATHX INVITATIONAL MIAMI BEACH,United States 🇺🇸,2026,Male,ATHX,MetCon X,,,10:14,,,,,,1
2,Nicholas,Mantzaridis,Nicholas Mantzaridis,Male,United States,CrossFit Wynwood,https://athxgames.com/storage/profile-photos/dyaL9tsUloM46K1U7iDegV1DUXD7sgMjJR5O0A70.jpg,ATHX INVITATIONAL MIAMI BEACH,United States 🇺🇸,2026,Male,ATHX,MetCon X,,,11:19,,,,,,2
3,Frank,Joly,Frank Joly,Male,Canada,Frank  Joly,https://athxgames.com/storage/profile-photos/MsT5pEaWYHZBImrfYOnI0ghTHD95pwhyDf4JR3ef.jpg,ATHX INVITATIONAL MIAMI BEACH,United States 🇺🇸,2026,Male,ATHX,MetCon X,,,11:24,,,,,,3
4,Benjamin,Amsallem,Benjamin Amsallem,Male,,,https://ui-avatars.com/api/?name=B+A&color=FFFFFF&background=000000,ATHX INVITATIONAL MIAMI BEACH,United States 🇺🇸,2026,Male,ATHX,MetCon X,,,11:59,,,,,,4
4,Benjamin,Kosinski,Benjamin Kosinski,Male,,,https://ui-avatars.com/api/?name=B+K&color=FFFFFF&background=000000,ATHX INVITATIONAL MIAMI BEACH,United States 🇺🇸,2026,Male,ATHX,MetCon X,,,11:59,,,,,,4
6,Jake,Murray,Jake Murray,Male,,,https://ui-avatars.com/api/?name=J+M&color=FFFFFF&background=000000,ATHX INVITATIONAL MIAMI BEACH,United States 🇺🇸,2026,Male,ATHX,MetCon X,,,12:14,,,,,,6
6,William,Barthau,William Barthau,Male,,,https://ui-avatars.com/api/?name=W+B&color=FFFFFF&background=000000,ATHX INVITATIONAL MIAMI BEACH,United States 🇺🇸,2026,Male,ATHX,MetCon X,,,12:14,,,,,,6
8,Bohdan,Yakovliev,Bohdan Yakovliev,Male,,,https://athxgames.com/storage/profile-photos/Jp4po3jMMvBWmNrBKSv66j9MJtsLuyV9xjYJQ0cV.jpg,ATHX INVITATIONAL MIAMI BEACH,United States 🇺🇸,2026,Male,ATHX,MetCon X,,,12:32,,,,,,8
9,Jason,Senn,Jason Senn,Male,United States,CrossFit Humidity,https://ui-avatars.com/api/?name=J+S&color=FFFFFF&background=000000,ATHX INVITATIONAL MIAMI BEACH,United States 🇺🇸,2026,Male,ATHX,MetCon X,,,12:35,,,,,,9
10,Jacob,Fenton,Jacob Fenton,Male,,,https://ui-avatars.com/api/?name=J+F&color=FFFFFF&background=000000,ATHX INVITATIONAL MIAMI BEACH,United States 🇺🇸,2026,Male,ATHX,MetCon X,,,12:41,,,,,,10
11,Rick,Chavez,Rick Chavez,Male,,,https://ui-avatars.com/api/?name=R+C&color=FFFFFF&background=000000,ATHX INVITATIONAL MIAMI BEACH,United States 🇺🇸,2026,Male,ATHX,MetCon X,,,13:29,,,,,,11
12,Kristian,Williams,Kristian Williams,Male,,,https://ui-avatars.com/api/?name=K+W&color=FFFFFF&background=000000,ATHX INVITATIONAL MIAMI BEACH,United States 🇺🇸,2026,Male,ATHX,MetCon X,,,13:35,,,,,,12
13,Viktor,Rodriguez,Viktor Rodriguez,Male,,,https://ui-avatars.com/api/?name=V+R&color=FFFFFF&background=000000,ATHX INVITATIONAL MIAMI BEACH,United States 🇺🇸,2026,Male,ATHX,MetCon X,,,13:58,,,,,,13
14,Paul,Dzhugostran,Paul Dzhugostran,Male,,,https://ui-avatars.com/api/?name=P+D&color=FFFFFF&background=000000,ATHX INVITATIONAL MIAMI BEACH,United States 🇺🇸,2026,Male,ATHX,MetCon X,,,14:17,,,,,,14
15,Gilbert,Fuchs,Gilbert Fuchs,Male,,,https://ui-avatars.com/api/?name=G+F&color=FFFFFF&background=000000,ATHX INVITATIONAL MIAMI BEACH,United States 🇺🇸,2026,Male,ATHX,MetCon X,,,14:39,,,,,,15
16,Joshy,Gomez,Joshy Gomez,Male,Venezuela,Tropical Fitness,https://athxgames.com/storage/profile-photos/AieI3AYunAQId4hcKsRAR1gyQAwQHl0CvigTm6UW.jpg,ATHX INVITATIONAL MIAMI BEACH,United States 🇺🇸,2026,Male,ATHX,MetCon X,,,15:26,,,,,,16
17,Johnnatan,Carbonell,Johnnatan Carbonell,Male,,,https://ui-avatars.com/api/?name=J+C&color=FFFFFF&background=000000,ATHX INVITATIONAL MIAMI BEACH,United States 🇺🇸,2026,Male,ATHX,MetCon X,,,15:32,,,,,,17
18,Kingston,Marley,Kingston Marley,Male,,,https://ui-avatars.com/api/?name=K+M&color=FFFFFF&background=000000,ATHX INVITATIONAL MIAMI BEACH,United States 🇺🇸,2026,Male,ATHX,MetCon X,,,16:13,,,,,,18
19,Brian,Friend,Brian Friend,Male,,,https://ui-avatars.com/api/?name=B+F&color=FFFFFF&background=000000,ATHX INVITATIONAL MIAMI BEACH,United States 🇺🇸,2026,Male,ATHX,MetCon X,,,16:32,,,,,,19
20,Shawn,Noy,Shawn Noy,Male,,,https://ui-avatars.com/api/?name=S+N&color=FFFFFF&background=000000,ATHX INVITATIONAL MIAMI BEACH,United States 🇺🇸,2026,Male,ATHX,MetCon X,,,17:19,,,,,,20
21,Edgar,Gallegos,Edgar Gallegos,Male,,,https://ui-avatars.com/api/?name=E+G&color=FFFFFF&background=000000,ATHX INVITATIONAL MIAMI BEACH,United States 🇺🇸,2026,Male,ATHX,MetCon X,,,17:59,,,,,,21
22,Alexis,Barraza,Alexis Barraza,Male,,,https://ui-avatars.com/api/?name=A+B&color=FFFFFF&background=000000,ATHX INVITATIONAL MIAMI BEACH,United States 🇺🇸,2026,Male,ATHX,MetCon X,,,18:14,,,,,,22
23,Eric,Aguilar,Eric Aguilar,Male,,,https://ui-avatars.com/api/?name=E+A&color=FFFFFF&background=000000,ATHX INVITATIONAL MIAMI BEACH,United States 🇺🇸,2026,Male,ATHX,MetCon X,,,18:40,,,,,,23
24,Andres,Casal,Andres Casal,Male,Ecuador,Old Guys Box,https://athxgames.com/storage/profile-photos/bWtM8hOYwBkwLkr2fhqjoG68GNfNpOVuysYdTrFG.jpg,ATHX INVITATIONAL MIAMI BEACH,United States 🇺🇸,2026,Male,ATHX,MetCon X,,,19:09,,,,,,24
25,Cyrus,Marinay,Cyrus Marinay,Male,,,https://ui-avatars.com/api/?name=C+M&color=FFFFFF&background=000000,ATHX INVITATIONAL MIAMI BEACH,United States 🇺🇸,2026,Male,ATHX,MetCon X,,,19:11,,,,,,25
26,Reggie,Walker,Reggie Walker,Male,,,https://ui-avatars.com/api/?name=R+W&color=FFFFFF&background=000000,ATHX INVITATIONAL MIAMI BEACH,United States 🇺🇸,2026,Male,ATHX,MetCon X,,,20:46,,,,,,26
27,Daniel,Maya,Daniel Maya,Male,United States,BlackSheep CrossFit,https://ui-avatars.com/api/?name=D+M&color=FFFFFF&background=000000,ATHX INVITATIONAL MIAMI BEACH,United States 🇺🇸,2026,Male,ATHX,MetCon X,,,20:48,,,,,,27
28,Oliver,Rack,Oliver Rack,Male,,,https://athxgames.com/storage/profile-photos/Yvcz7MO68U1d6cFUO4nzfkXAvv2cLvJWw825QwZv.jpg,ATHX INVITATIONAL MIAMI BEACH,United States 🇺🇸,2026,Male,ATHX,MetCon X,,,20:49,,,,,,28
29,Jaycarl,Ellis,Jaycarl Ellis,Male,,,https://athxgames.com/storage/profile-photos/OmCCdHpb6TB9Kancku9daSoioWCGJ1b2KSuyLAa0.jpg,ATHX INVITATIONAL MIAMI BEACH,United States 🇺🇸,2026,Male,ATHX,MetCon X,,,21:25,,,,,,29
30,Deyvi,Bone,Deyvi Bone,Male,,,https://ui-avatars.com/api/?name=D+B&color=FFFFFF&background=000000,ATHX INVITATIONAL MIAMI BEACH,United States 🇺🇸,2026,Male,ATHX,MetCon X,,,22:22,,,,,,30
31,Joel,Murray,Joel Murray,Male,,,https://ui-avatars.com/api/?name=J+M&color=FFFFFF&background=000000,ATHX INVITATIONAL MIAMI BEACH,United States 🇺🇸,2026,Male,ATHX,MetCon X,,,22:35,,,,,,31
32,Alexandre,Villanueva,Alexandre Villanueva,Male,,,https://ui-avatars.com/api/?name=A+V&color=FFFFFF&background=000000,ATHX INVITATIONAL MIAMI BEACH,United States 🇺🇸,2026,Male,ATHX,MetCon X,,,24:59,,,,,,32
33,Khamahri,Ward,Khamahri Ward,Male,,,https://ui-avatars.com/api/?name=K+W&color=FFFFFF&background=000000,ATHX INVITATIONAL MIAMI BEACH,United States 🇺🇸,2026,Male,ATHX,MetCon X,,,25:18,,,,,,33
34,Blake,Sperling,Blake Sperling,Male,,,https://ui-avatars.com/api/?name=B+S&color=FFFFFF&background=000000,ATHX INVITATIONAL MIAMI BEACH,United States 🇺🇸,2026,Male,ATHX,MetCon X,,,25:27,,,,,,34
1,Paula,Leyes,Paula Leyes,Female,,,https://ui-avatars.com/api/?name=P+L&color=FFFFFF&background=000000,ATHX INVITATIONAL MIAMI BEACH,United States 🇺🇸,2026,Female,ATHX,MetCon X,,,09:54,,,,,,1
2,Grace,Williams,Grace Williams,Female,,,https://ui-avatars.com/api/?name=G+W&color=FFFFFF&background=000000,ATHX INVITATIONAL MIAMI BEACH,United States 🇺🇸,2026,Female,ATHX,MetCon X,,,11:04,,,,,,2
3,Ibis,Abreu,Ibis Abreu,Female,United States,Knockout Miami Lakes,https://athxgames.com/storage/profile-photos/3IE4xpZKsnD3yW6BcZ2Pyo1P8NCMIDU0lqOEdACY.jpg,ATHX INVITATIONAL MIAMI BEACH,United States 🇺🇸,2026,Female,ATHX,MetCon X,,,12:54,,,,,,3
4,Carolina,Vengoechea,Carolina Vengoechea,Female,,,https://ui-avatars.com/api/?name=C+V&color=FFFFFF&background=000000,ATHX INVITATIONAL MIAMI BEACH,United States 🇺🇸,2026,Female,ATHX,MetCon X,,,13:08,,,,,,4
5,Heidi,Williams,Heidi Williams,Female,,,https://ui-avatars.com/api/?name=H+W&color=FFFFFF&background=000000,ATHX INVITATIONAL MIAMI BEACH,United States 🇺🇸,2026,Female,ATHX,MetCon X,,,13:37,,,,,,5
6,Lauryn,Boggs,Lauryn Boggs,Female,,,https://ui-avatars.com/api/?name=L+B&color=FFFFFF&background=000000,ATHX INVITATIONAL MIAMI BEACH,United States 🇺🇸,2026,Female,ATHX,MetCon X,,,16:33,,,,,,6
7,Carolina,Bada,Carolina Bada,Female,,,https://ui-avatars.com/api/?name=C+B&color=FFFFFF&background=000000,ATHX INVITATIONAL MIAMI BEACH,United States 🇺🇸,2026,Female,ATHX,MetCon X,,,16:49,,,,,,7
8,Sarah,Watkins,Sarah Watkins,Female,,,https://ui-avatars.com/api/?name=S+W&color=FFFFFF&background=000000,ATHX INVITATIONAL MIAMI BEACH,United States 🇺🇸,2026,Female,ATHX,MetCon X,,,17:43,,,,,,8
9,Lindsay,Craig,Lindsay Craig,Female,,,https://ui-avatars.com/api/?name=L+C&color=FFFFFF&background=000000,ATHX INVITATIONAL MIAMI BEACH,United States 🇺🇸,2026,Female,ATHX,MetCon X,,,18:18,,,,,,9
10,Jess,Nichole,Jess Nichole,Female,,,https://ui-avatars.com/api/?name=J+N&color=FFFFFF&background=000000,ATHX INVITATIONAL MIAMI BEACH,United States 🇺🇸,2026,Female,ATHX,MetCon X,,,23:55,,,,,,10
1,Erin,Murray,Erin Murray,Female,,,https://ui-avatars.com/api/?name=E+M&color=FFFFFF&background=000000,ATHX INVITATIONAL MIAMI BEACH,United States 🇺🇸,2026,Female,ATHX Pro,Strength,,,,70KG,155KG,185KG,,,1
2,Jennifer,Muir,Jennifer Muir,Female,United Kingdom,CrossFit Kirkintilloch,https://ui-avatars.com/api/?name=J+M&color=FFFFFF&background=000000,ATHX INVITATIONAL MIAMI BEACH,United States 🇺🇸,2026,Female,ATHX Pro,Strength,,,,63KG,145KG,170KG,,,2
3,Hannah,Black,Hannah Black,Female,,,https://ui-avatars.com/api/?name=H+B&color=FFFFFF&background=000000,ATHX INVITATIONAL MIAMI BEACH,United States 🇺🇸,2026,Female,ATHX Pro,Strength,,,,65KG,138KG,155KG,,,3
4,Sydney,Wells,Sydney Wells,Female,,,https://ui-avatars.com/api/?name=S+W&color=FFFFFF&background=000000,ATHX INVITATIONAL MIAMI BEACH,United States 🇺🇸,2026,Female,ATHX Pro,Strength,,,,65KG,115KG,165KG,,,4
5,Lena,Richter,Lena Richter,Female,,,https://ui-avatars.com/api/?name=L+R&color=FFFFFF&background=000000,ATHX INVITATIONAL MIAMI BEACH,United States 🇺🇸,2026,Female,ATHX Pro,Strength,,,,65KG,130KG,145KG,,,5
6,Sydney,Smith,Sydney Smith,Female,,,https://ui-avatars.com/api/?name=S+S&color=FFFFFF&background=000000,ATHX INVITATIONAL MIAMI BEACH,United States 🇺🇸,2026,Female,ATHX Pro,Strength,,,,70KG,130KG,135KG,,,6
7,Lindsay,Bessegato,Lindsay Bessegato,Female,Canada,,https://ui-avatars.com/api/?name=L+B&color=FFFFFF&background=000000,ATHX INVITATIONAL MIAMI BEACH,United States 🇺🇸,2026,Female,ATHX Pro,Strength,,,,50KG,125KG,155KG,,,7
7,Arielle,Loewen,Arielle Loewen,Female,,,https://ui-avatars.com/api/?name=A+L&color=FFFFFF&background=000000,ATHX INVITATIONAL MIAMI BEACH,United States 🇺🇸,2026,Female,ATHX Pro,Strength,,,,55KG,125KG,150KG,,,7
9,Emily,Rolfe,Emily Rolfe,Female,,,https://ui-avatars.com/api/?name=E+R&color=FFFFFF&background=000000,ATHX INVITATIONAL MIAMI BEACH,United States 🇺🇸,2026,Female,ATHX Pro,Strength,,,,55KG,135KG,138KG,,,9
10,Sasha,Nievas,Sasha Nievas,Female,,,https://ui-avatars.com/api/?name=S+N&color=FFFFFF&background=000000,ATHX INVITATIONAL MIAMI BEACH,United States 🇺🇸,2026,Female,ATHX Pro,Strength,,,,55KG,130KG,140KG,,,10
11,Ella,Wilkinson,Ella Wilkinson,Female,,,https://ui-avatars.com/api/?name=E+W&color=FFFFFF&background=000000,ATHX INVITATIONAL MIAMI BEACH,United States 🇺🇸,2026,Female,ATHX Pro,Strength,,,,60KG,120KG,140KG,,,11
12,Lauren,Rantala,Lauren Rantala,Female,United States,Ranta Howe Fit,https://ui-avatars.com/api/?name=L+R&color=FFFFFF&background=000000,ATHX INVITATIONAL MIAMI BEACH,United States 🇺🇸,2026,Female,ATHX Pro,Strength,,,,50KG,115KG,135KG,,,12
13,Camilla,Massa,Camilla Massa,Female,,,https://ui-avatars.com/api/?name=C+M&color=FFFFFF&background=000000,ATHX INVITATIONAL MIAMI BEACH,United States 🇺🇸,2026,Female,ATHX Pro,Strength,,,,58KG,98KG,130KG,,,13
14,Alexia,Zuloaga,Alexia Zuloaga,Female,,,https://ui-avatars.com/api/?name=A+Z&color=FFFFFF&background=000000,ATHX INVITATIONAL MIAMI BEACH,United States 🇺🇸,2026,Female,ATHX Pro,Strength,,,,43KG,96KG,140KG,,,14
15,Sherrie,Gonzalez,Sherrie Gonzalez,Female,United States,One Asterisk CrossFit,https://ui-avatars.com/api/?name=S+G&color=FFFFFF&background=000000,ATHX INVITATIONAL MIAMI BEACH,United States 🇺🇸,2026,Female,ATHX Pro,Strength,,,,45KG,95KG,115KG,,,15
16,Terra,Jackson,Terra Jackson,Female,,,https://ui-avatars.com/api/?name=T+J&color=FFFFFF&background=000000,ATHX INVITATIONAL MIAMI BEACH,United States 🇺🇸,2026,Female,ATHX Pro,Strength,,,,50KG,85KG,105KG,,,16
1,Jennifer,Muir,Jennifer Muir,Female,United Kingdom,CrossFit Kirkintilloch,https://ui-avatars.com/api/?name=J+M&color=FFFFFF&background=000000,ATHX INVITATIONAL MIAMI BEACH,United States 🇺🇸,2026,Female,ATHX Pro,MetCon X,,,08:19,,,,,,1
2,Hannah,Black,Hannah Black,Female,,,https://ui-avatars.com/api/?name=H+B&color=FFFFFF&background=000000,ATHX INVITATIONAL MIAMI BEACH,United States 🇺🇸,2026,Female,ATHX Pro,MetCon X,,,08:36,,,,,,2
3,Sydney,Smith,Sydney Smith,Female,,,https://ui-avatars.com/api/?name=S+S&color=FFFFFF&background=000000,ATHX INVITATIONAL MIAMI BEACH,United States 🇺🇸,2026,Female,ATHX Pro,MetCon X,,,09:11,,,,,,3
4,Emily,Rolfe,Emily Rolfe,Female,,,https://ui-avatars.com/api/?name=E+R&color=FFFFFF&background=000000,ATHX INVITATIONAL MIAMI BEACH,United States 🇺🇸,2026,Female,ATHX Pro,MetCon X,,,09:14,,,,,,4
4,Ella,Wilkinson,Ella Wilkinson,Female,,,https://ui-avatars.com/api/?name=E+W&color=FFFFFF&background=000000,ATHX INVITATIONAL MIAMI BEACH,United States 🇺🇸,2026,Female,ATHX Pro,MetCon X,,,09:14,,,,,,4
6,Sydney,Wells,Sydney Wells,Female,,,https://ui-avatars.com/api/?name=S+W&color=FFFFFF&background=000000,ATHX INVITATIONAL MIAMI BEACH,United States 🇺🇸,2026,Female,ATHX Pro,MetCon X,,,09:24,,,,,,6
7,Arielle,Loewen,Arielle Loewen,Female,,,https://ui-avatars.com/api/?name=A+L&color=FFFFFF&background=000000,ATHX INVITATIONAL MIAMI BEACH,United States 🇺🇸,2026,Female,ATHX Pro,MetCon X,,,10:03,,,,,,7
8,Lena,Richter,Lena Richter,Female,,,https://ui-avatars.com/api/?name=L+R&color=FFFFFF&background=000000,ATHX INVITATIONAL MIAMI BEACH,United States 🇺🇸,2026,Female,ATHX Pro,MetCon X,,,10:07,,,,,,8
9,Lauren,Rantala,Lauren Rantala,Female,United States,Ranta Howe Fit,https://ui-avatars.com/api/?name=L+R&color=FFFFFF&background=000000,ATHX INVITATIONAL MIAMI BEACH,United States 🇺🇸,2026,Female,ATHX Pro,MetCon X,,,10:10,,,,,,9
10,Terra,Jackson,Terra Jackson,Female,,,https://ui-avatars.com/api/?name=T+J&color=FFFFFF&background=000000,ATHX INVITATIONAL MIAMI BEACH,United States 🇺🇸,2026,Female,ATHX Pro,MetCon X,,,10:47,,,,,,10
11,Camilla,Massa,Camilla Massa,Female,,,https://ui-avatars.com/api/?name=C+M&color=FFFFFF&background=000000,ATHX INVITATIONAL MIAMI BEACH,United States 🇺🇸,2026,Female,ATHX Pro,MetCon X,,,11:00,,,,,,11
12,Lindsay,Bessegato,Lindsay Bessegato,Female,Canada,,https://ui-avatars.com/api/?name=L+B&color=FFFFFF&background=000000,ATHX INVITATIONAL MIAMI BEACH,United States 🇺🇸,2026,Female,ATHX Pro,MetCon X,,,11:12,,,,,,12
13,Sasha,Nievas,Sasha Nievas,Female,,,https://ui-avatars.com/api/?name=S+N&color=FFFFFF&background=000000,ATHX INVITATIONAL MIAMI BEACH,United States 🇺🇸,2026,Female,ATHX Pro,MetCon X,,,13:35,,,,,,13
14,Erin,Murray,Erin Murray,Female,,,https://ui-avatars.com/api/?name=E+M&color=FFFFFF&background=000000,ATHX INVITATIONAL MIAMI BEACH,United States 🇺🇸,2026,Female,ATHX Pro,MetCon X,,,19:20,,,,,,14
15,Sherrie,Gonzalez,Sherrie Gonzalez,Female,United States,One Asterisk CrossFit,https://ui-avatars.com/api/?name=S+G&color=FFFFFF&background=000000,ATHX INVITATIONAL MIAMI BEACH,United States 🇺🇸,2026,Female,ATHX Pro,MetCon X,,,19:59,,,,,,15
16,Alexia,Zuloaga,Alexia Zuloaga,Female,,,https://ui-avatars.com/api/?name=A+Z&color=FFFFFF&background=000000,ATHX INVITATIONAL MIAMI BEACH,United States 🇺🇸,2026,Female,ATHX Pro,MetCon X,,,21:40,,,,,,16
1,Nick,Mathew,Nick Mathew,Male,,,https://ui-avatars.com/api/?name=N+M&color=FFFFFF&background=000000,ATHX INVITATIONAL MIAMI BEACH,United States 🇺🇸,2026,Male,ATHX Pro,Strength,,,,95KG,230KG,230KG,,,1
2,Tola,Morakinyo,Tola Morakinyo,Male,,,https://ui-avatars.com/api/?name=T+M&color=FFFFFF&background=000000,ATHX INVITATIONAL MIAMI BEACH,United States 🇺🇸,2026,Male,ATHX Pro,Strength,,,,113KG,200KG,220KG,,,2
3,Nate,Ackerman,Nate Ackerman,Male,,,https://ui-avatars.com/api/?name=N+A&color=FFFFFF&background=000000,ATHX INVITATIONAL MIAMI BEACH,United States 🇺🇸,2026,Male,ATHX Pro,Strength,,,,100KG,210KG,220KG,,,3
4,Daniel,Nides,Daniel Nides,Male,United States,Summit,https://athxgames.com/storage/profile-photos/bc10Qj3ukfuKrdcYZOf1YKp3PD76oEinOGx6PL66.jpg,ATHX INVITATIONAL MIAMI BEACH,United States 🇺🇸,2026,Male,ATHX Pro,Strength,,,,120KG,170KG,230KG,,,4
4,Jorge,Fernandez,Jorge Fernandez,Male,,,https://ui-avatars.com/api/?name=J+F&color=FFFFFF&background=000000,ATHX INVITATIONAL MIAMI BEACH,United States 🇺🇸,2026,Male,ATHX Pro,Strength,,,,90KG,190KG,240KG,,,4
6,Mfon,Ubaha,Mfon Ubaha,Male,,,https://ui-avatars.com/api/?name=M+U&color=FFFFFF&background=000000,ATHX INVITATIONAL MIAMI BEACH,United States 🇺🇸,2026,Male,ATHX Pro,Strength,,,,100KG,216KG,200KG,,,6
7,Ty,Jenkins,Ty Jenkins,Male,,,https://ui-avatars.com/api/?name=T+J&color=FFFFFF&background=000000,ATHX INVITATIONAL MIAMI BEACH,United States 🇺🇸,2026,Male,ATHX Pro,Strength,,,,100KG,200KG,210KG,,,7
8,Jonne,Koski,Jonne Koski,Male,,,https://ui-avatars.com/api/?name=J+K&color=FFFFFF&background=000000,ATHX INVITATIONAL MIAMI BEACH,United States 🇺🇸,2026,Male,ATHX Pro,Strength,,,,92KG,200KG,200KG,,,8
9,Jan,Zimmermann,Jan Zimmermann,Male,Germany,,https://ui-avatars.com/api/?name=J+Z&color=FFFFFF&background=000000,ATHX INVITATIONAL MIAMI BEACH,United States 🇺🇸,2026,Male,ATHX Pro,Strength,,,,73KG,200KG,205KG,,,9
10,Jesus,Ramos,Jesus Ramos,Male,Puerto Rico,,https://ui-avatars.com/api/?name=J+R&color=FFFFFF&background=000000,ATHX INVITATIONAL MIAMI BEACH,United States 🇺🇸,2026,Male,ATHX Pro,Strength,,,,80KG,170KG,220KG,,,10
11,Thomas,Krogh,Thomas Krogh,Male,,,https://ui-avatars.com/api/?name=T+K&color=FFFFFF&background=000000,ATHX INVITATIONAL MIAMI BEACH,United States 🇺🇸,2026,Male,ATHX Pro,Strength,,,,90KG,160KG,215KG,,,11
11,Khan,Porter,Khan Porter,Male,Australia,,https://ui-avatars.com/api/?name=K+P&color=FFFFFF&background=000000,ATHX INVITATIONAL MIAMI BEACH,United States 🇺🇸,2026,Male,ATHX Pro,Strength,,,,95KG,170KG,200KG,,,11
13,Tashon,Marté,Tashon Marté,Male,,,https://athxgames.com/storage/profile-photos/YzNdYiJvsTGGDXxbxZfcuJzdOIHS5n34Iw9UYVbP.jpg,ATHX INVITATIONAL MIAMI BEACH,United States 🇺🇸,2026,Male,ATHX Pro,Strength,,,,93KG,150KG,205KG,,,13
14,Kaique,Cerveny,Kaique Cerveny,Male,,,https://ui-avatars.com/api/?name=K+C&color=FFFFFF&background=000000,ATHX INVITATIONAL MIAMI BEACH,United States 🇺🇸,2026,Male,ATHX Pro,Strength,,,,95KG,170KG,170KG,,,14
14,Armando,Santos,Armando Santos,Male,Dominican Republic,Jungla Training,https://athxgames.com/storage/profile-photos/mK7bMtLQi0DWFg8gpf62pCJViQfsDyuq8qstzM5a.jpg,ATHX INVITATIONAL MIAMI BEACH,United States 🇺🇸,2026,Male,ATHX Pro,Strength,,,,90KG,160KG,185KG,,,14
16,Eric,Moore,Eric Moore,Male,,,https://ui-avatars.com/api/?name=E+M&color=FFFFFF&background=000000,ATHX INVITATIONAL MIAMI BEACH,United States 🇺🇸,2026,Male,ATHX Pro,Strength,,,,90KG,150KG,190KG,,,16
17,Fabian,Johnson,Fabian Johnson,Male,United Kingdom,Marchon,https://athxgames.com/storage/profile-photos/ERY0izAiNIA7iqSt2lkS1s5qICA0roeGCNn8PfD1.jpg,ATHX INVITATIONAL MIAMI BEACH,United States 🇺🇸,2026,Male,ATHX Pro,Strength,,,,85KG,150KG,190KG,,,17
18,Daniel,Alegrete,Daniel Alegrete,Male,,,https://ui-avatars.com/api/?name=D+A&color=FFFFFF&background=000000,ATHX INVITATIONAL MIAMI BEACH,United States 🇺🇸,2026,Male,ATHX Pro,Strength,,,,80KG,148KG,190KG,,,18
19,Ulrich,Dieguez,Ulrich Dieguez,Male,,,https://ui-avatars.com/api/?name=U+D&color=FFFFFF&background=000000,ATHX INVITATIONAL MIAMI BEACH,United States 🇺🇸,2026,Male,ATHX Pro,Strength,,,,100KG,150KG,160KG,,,19
20,Cole,Learn,Cole Learn,Male,,,https://ui-avatars.com/api/?name=C+L&color=FFFFFF&background=000000,ATHX INVITATIONAL MIAMI BEACH,United States 🇺🇸,2026,Male,ATHX Pro,Strength,,,,83KG,140KG,180KG,,,20
21,Nino,Polletta,Nino Polletta,Male,,,https://ui-avatars.com/api/?name=N+P&color=FFFFFF&background=000000,ATHX INVITATIONAL MIAMI BEACH,United States 🇺🇸,2026,Male,ATHX Pro,Strength,,,,60KG,140KG,190KG,,,21
22,Scott,Freymond,Scott Freymond,Male,,,https://ui-avatars.com/api/?name=S+F&color=FFFFFF&background=000000,ATHX INVITATIONAL MIAMI BEACH,United States 🇺🇸,2026,Male,ATHX Pro,Strength,,,,78KG,133KG,160KG,,,22
23,Marco,Melone,Marco Melone,Male,Italy,Flow Brickell,https://athxgames.com/storage/profile-photos/44UyqXjlzBQ91Gn3lkQqs9ONNGqIqcg4CFD6jYSn.jpg,ATHX INVITATIONAL MIAMI BEACH,United States 🇺🇸,2026,Male,ATHX Pro,Strength,,,,78KG,130KG,150KG,,,23
24,Benjamin,Amsallem,Benjamin Amsallem,Male,,,https://ui-avatars.com/api/?name=B+A&color=FFFFFF&background=000000,ATHX INVITATIONAL MIAMI BEACH,United States 🇺🇸,2026,Male,ATHX Pro,Strength,,,,65KG,105KG,160KG,,,24
24,Gilberto Armando,Parra Beas,Gilberto Armando Parra Beas,Male,Mexico,Frame athletic club,https://ui-avatars.com/api/?name=G+A+P+B&color=FFFFFF&background=000000,ATHX INVITATIONAL MIAMI BEACH,United States 🇺🇸,2026,Male,ATHX Pro,Strength,,,,60KG,140KG,130KG,,,24
26,Stephen,O’Dea,Stephen O’Dea,Male,,,https://ui-avatars.com/api/?name=S+O&color=FFFFFF&background=000000,ATHX INVITATIONAL MIAMI BEACH,United States 🇺🇸,2026,Male,ATHX Pro,Strength,,,,63KG,110KG,150KG,,,26
27,travis,frenzel,travis frenzel,Male,,,https://ui-avatars.com/api/?name=t+f&color=FFFFFF&background=000000,ATHX INVITATIONAL MIAMI BEACH,United States 🇺🇸,2026,Male,ATHX Pro,Strength,,,,50KG,100KG,120KG,,,27
1,Cole,Learn,Cole Learn,Male,,,https://ui-avatars.com/api/?name=C+L&color=FFFFFF&background=000000,ATHX INVITATIONAL MIAMI BEACH,United States 🇺🇸,2026,Male,ATHX Pro,MetCon X,,,09:35,,,,,,1
2,Nate,Ackerman,Nate Ackerman,Male,,,https://ui-avatars.com/api/?name=N+A&color=FFFFFF&background=000000,ATHX INVITATIONAL MIAMI BEACH,United States 🇺🇸,2026,Male,ATHX Pro,MetCon X,,,10:25,,,,,,2
3,Ty,Jenkins,Ty Jenkins,Male,,,https://ui-avatars.com/api/?name=T+J&color=FFFFFF&background=000000,ATHX INVITATIONAL MIAMI BEACH,United States 🇺🇸,2026,Male,ATHX Pro,MetCon X,,,10:30,,,,,,3
4,Nick,Mathew,Nick Mathew,Male,,,https://ui-avatars.com/api/?name=N+M&color=FFFFFF&background=000000,ATHX INVITATIONAL MIAMI BEACH,United States 🇺🇸,2026,Male,ATHX Pro,MetCon X,,,11:10,,,,,,4
5,Jonne,Koski,Jonne Koski,Male,,,https://ui-avatars.com/api/?name=J+K&color=FFFFFF&background=000000,ATHX INVITATIONAL MIAMI BEACH,United States 🇺🇸,2026,Male,ATHX Pro,MetCon X,,,11:11,,,,,,5
5,Jorge,Fernandez,Jorge Fernandez,Male,,,https://ui-avatars.com/api/?name=J+F&color=FFFFFF&background=000000,ATHX INVITATIONAL MIAMI BEACH,United States 🇺🇸,2026,Male,ATHX Pro,MetCon X,,,11:11,,,,,,5
7,Kaique,Cerveny,Kaique Cerveny,Male,,,https://ui-avatars.com/api/?name=K+C&color=FFFFFF&background=000000,ATHX INVITATIONAL MIAMI BEACH,United States 🇺🇸,2026,Male,ATHX Pro,MetCon X,,,11:19,,,,,,7
8,Benjamin,Amsallem,Benjamin Amsallem,Male,,,https://ui-avatars.com/api/?name=B+A&color=FFFFFF&background=000000,ATHX INVITATIONAL MIAMI BEACH,United States 🇺🇸,2026,Male,ATHX Pro,MetCon X,,,12:11,,,,,,8
9,Khan,Porter,Khan Porter,Male,Australia,,https://ui-avatars.com/api/?name=K+P&color=FFFFFF&background=000000,ATHX INVITATIONAL MIAMI BEACH,United States 🇺🇸,2026,Male,ATHX Pro,MetCon X,,,12:36,,,,,,9
10,Fabian,Johnson,Fabian Johnson,Male,United Kingdom,Marchon,https://athxgames.com/storage/profile-photos/ERY0izAiNIA7iqSt2lkS1s5qICA0roeGCNn8PfD1.jpg,ATHX INVITATIONAL MIAMI BEACH,United States 🇺🇸,2026,Male,ATHX Pro,MetCon X,,,13:09,,,,,,10
11,Tola,Morakinyo,Tola Morakinyo,Male,,,https://ui-avatars.com/api/?name=T+M&color=FFFFFF&background=000000,ATHX INVITATIONAL MIAMI BEACH,United States 🇺🇸,2026,Male,ATHX Pro,MetCon X,,,13:15,,,,,,11
12,Thomas,Krogh,Thomas Krogh,Male,,,https://ui-avatars.com/api/?name=T+K&color=FFFFFF&background=000000,ATHX INVITATIONAL MIAMI BEACH,United States 🇺🇸,2026,Male,ATHX Pro,MetCon X,,,14:52,,,,,,12
13,Nino,Polletta,Nino Polletta,Male,,,https://ui-avatars.com/api/?name=N+P&color=FFFFFF&background=000000,ATHX INVITATIONAL MIAMI BEACH,United States 🇺🇸,2026,Male,ATHX Pro,MetCon X,,,15:13,,,,,,13
14,Jesus,Ramos,Jesus Ramos,Male,Puerto Rico,,https://ui-avatars.com/api/?name=J+R&color=FFFFFF&background=000000,ATHX INVITATIONAL MIAMI BEACH,United States 🇺🇸,2026,Male,ATHX Pro,MetCon X,,,15:15,,,,,,14
15,Daniel,Alegrete,Daniel Alegrete,Male,,,https://ui-avatars.com/api/?name=D+A&color=FFFFFF&background=000000,ATHX INVITATIONAL MIAMI BEACH,United States 🇺🇸,2026,Male,ATHX Pro,MetCon X,,,15:52,,,,,,15
16,Brian,Friend,Brian Friend,Male,,,https://ui-avatars.com/api/?name=B+F&color=FFFFFF&background=000000,ATHX INVITATIONAL MIAMI BEACH,United States 🇺🇸,2026,Male,ATHX Pro,MetCon X,,,16:32,,,,,,16
17,Tashon,Marté,Tashon Marté,Male,,,https://athxgames.com/storage/profile-photos/YzNdYiJvsTGGDXxbxZfcuJzdOIHS5n34Iw9UYVbP.jpg,ATHX INVITATIONAL MIAMI BEACH,United States 🇺🇸,2026,Male,ATHX Pro,MetCon X,,,16:34,,,,,,17
18,Daniel,Nides,Daniel Nides,Male,United States,Summit,https://athxgames.com/storage/profile-photos/bc10Qj3ukfuKrdcYZOf1YKp3PD76oEinOGx6PL66.jpg,ATHX INVITATIONAL MIAMI BEACH,United States 🇺🇸,2026,Male,ATHX Pro,MetCon X,,,17:29,,,,,,18
19,Scott,Freymond,Scott Freymond,Male,,,https://ui-avatars.com/api/?name=S+F&color=FFFFFF&background=000000,ATHX INVITATIONAL MIAMI BEACH,United States 🇺🇸,2026,Male,ATHX Pro,MetCon X,,,17:33,,,,,,19
20,Ulrich,Dieguez,Ulrich Dieguez,Male,,,https://ui-avatars.com/api/?name=U+D&color=FFFFFF&background=000000,ATHX INVITATIONAL MIAMI BEACH,United States 🇺🇸,2026,Male,ATHX Pro,MetCon X,,,18:20,,,,,,20
21,Armando,Santos,Armando Santos,Male,Dominican Republic,Jungla Training,https://athxgames.com/storage/profile-photos/mK7bMtLQi0DWFg8gpf62pCJViQfsDyuq8qstzM5a.jpg,ATHX INVITATIONAL MIAMI BEACH,United States 🇺🇸,2026,Male,ATHX Pro,MetCon X,,,18:40,,,,,,21
22,Stephen,O’Dea,Stephen O’Dea,Male,,,https://ui-avatars.com/api/?name=S+O&color=FFFFFF&background=000000,ATHX INVITATIONAL MIAMI BEACH,United States 🇺🇸,2026,Male,ATHX Pro,MetCon X,,,19:06,,,,,,22
23,Jan,Zimmermann,Jan Zimmermann,Male,Germany,,https://ui-avatars.com/api/?name=J+Z&color=FFFFFF&background=000000,ATHX INVITATIONAL MIAMI BEACH,United States 🇺🇸,2026,Male,ATHX Pro,MetCon X,,,21:07,,,,,,23
24,Marco,Melone,Marco Melone,Male,Italy,Flow Brickell,https://athxgames.com/storage/profile-photos/44UyqXjlzBQ91Gn3lkQqs9ONNGqIqcg4CFD6jYSn.jpg,ATHX INVITATIONAL MIAMI BEACH,United States 🇺🇸,2026,Male,ATHX Pro,MetCon X,,,21:11,,,,,,24
25,Eric,Moore,Eric Moore,Male,,,https://ui-avatars.com/api/?name=E+M&color=FFFFFF&background=000000,ATHX INVITATIONAL MIAMI BEACH,United States 🇺🇸,2026,Male,ATHX Pro,MetCon X,,,21:17,,,,,,25
26,Gilberto Armando,Parra Beas,Gilberto Armando Parra Beas,Male,Mexico,Frame athletic club,https://ui-avatars.com/api/?name=G+A+P+B&color=FFFFFF&background=000000,ATHX INVITATIONAL MIAMI BEACH,United States 🇺🇸,2026,Male,ATHX Pro,MetCon X,,,21:29,,,,,,26
27,Mfon,Ubaha,Mfon Ubaha,Male,,,https://ui-avatars.com/api/?name=M+U&color=FFFFFF&background=000000,ATHX INVITATIONAL MIAMI BEACH,United States 🇺🇸,2026,Male,ATHX Pro,MetCon X,,,25:08,,,,,,27
28,travis,frenzel,travis frenzel,Male,,,https://ui-avatars.com/api/?name=t+f&color=FFFFFF&background=000000,ATHX INVITATIONAL MIAMI BEACH,United States 🇺🇸,2026,Male,ATHX Pro,MetCon X,,,26:45,,,,,,28
1,Connor,McCormick,Connor McCormick,Male,,,https://ui-avatars.com/api/?name=C+M&color=FFFFFF&background=000000,ATHX INVITATIONAL MIAMI BEACH,United States 🇺🇸,2026,Male,ATHX,Overall,8 (407KG),1 (5.435KM),1 (10:14),,,,,,10
2,Jake,Murray,Jake Murray,Male,,,https://ui-avatars.com/api/?name=J+M&color=FFFFFF&background=000000,ATHX INVITATIONAL MIAMI BEACH,United States 🇺🇸,2026,Male,ATHX,Overall,3 (450KG),2 (5.189KM),6 (12:14),,,,,,11
3,Frank,Joly,Frank Joly,Male,Canada,Frank  Joly,https://athxgames.com/storage/profile-photos/MsT5pEaWYHZBImrfYOnI0ghTHD95pwhyDf4JR3ef.jpg,ATHX INVITATIONAL MIAMI BEACH,United States 🇺🇸,2026,Male,ATHX,Overall,5 (410KG),3 (5.164KM),3 (11:24),,,,,,11
4,Nicholas,Mantzaridis,Nicholas Mantzaridis,Male,United States,CrossFit Wynwood,https://athxgames.com/storage/profile-photos/dyaL9tsUloM46K1U7iDegV1DUXD7sgMjJR5O0A70.jpg,ATHX INVITATIONAL MIAMI BEACH,United States 🇺🇸,2026,Male,ATHX,Overall,2 (457KG),9 (5.031KM),2 (11:19),,,,,,13
5,Jacob,Fenton,Jacob Fenton,Male,,,https://ui-avatars.com/api/?name=J+F&color=FFFFFF&background=000000,ATHX INVITATIONAL MIAMI BEACH,United States 🇺🇸,2026,Male,ATHX,Overall,5 (410KG),10 (4.929KM),10 (12:41),,,,,,25
6,Kristian,Williams,Kristian Williams,Male,,,https://ui-avatars.com/api/?name=K+W&color=FFFFFF&background=000000,ATHX INVITATIONAL MIAMI BEACH,United States 🇺🇸,2026,Male,ATHX,Overall,1 (465KG),13 (4.768KM),12 (13:35),,,,,,26
7,William,Barthau,William Barthau,Male,,,https://ui-avatars.com/api/?name=W+B&color=FFFFFF&background=000000,ATHX INVITATIONAL MIAMI BEACH,United States 🇺🇸,2026,Male,ATHX,Overall,15 (350KG),7 (5.122KM),6 (12:14),,,,,,28
8,Jason,Senn,Jason Senn,Male,United States,CrossFit Humidity,https://ui-avatars.com/api/?name=J+S&color=FFFFFF&background=000000,ATHX INVITATIONAL MIAMI BEACH,United States 🇺🇸,2026,Male,ATHX,Overall,13 (383KG),8 (5.033KM),9 (12:35),,,,,,30
9,Paul,Dzhugostran,Paul Dzhugostran,Male,,,https://ui-avatars.com/api/?name=P+D&color=FFFFFF&background=000000,ATHX INVITATIONAL MIAMI BEACH,United States 🇺🇸,2026,Male,ATHX,Overall,17 (330KG),4 (5.156KM),14 (14:17),,,,,,35
10,Benjamin,Kosinski,Benjamin Kosinski,Male,,,https://ui-avatars.com/api/?name=B+K&color=FFFFFF&background=000000,ATHX INVITATIONAL MIAMI BEACH,United States 🇺🇸,2026,Male,ATHX,Overall,27 (300KG),6 (5.123KM),4 (11:59),,,,,,37
10,Bohdan,Yakovliev,Bohdan Yakovliev,Male,,,https://athxgames.com/storage/profile-photos/Jp4po3jMMvBWmNrBKSv66j9MJtsLuyV9xjYJQ0cV.jpg,ATHX INVITATIONAL MIAMI BEACH,United States 🇺🇸,2026,Male,ATHX,Overall,10 (400KG),19 (4.538KM),8 (12:32),,,,,,37
12,Alexis,Barraza,Alexis Barraza,Male,,,https://ui-avatars.com/api/?name=A+B&color=FFFFFF&background=000000,ATHX INVITATIONAL MIAMI BEACH,United States 🇺🇸,2026,Male,ATHX,Overall,4 (440KG),16 (4.639KM),22 (18:14),,,,,,42
13,Rick,Chavez,Rick Chavez,Male,,,https://ui-avatars.com/api/?name=R+C&color=FFFFFF&background=000000,ATHX INVITATIONAL MIAMI BEACH,United States 🇺🇸,2026,Male,ATHX,Overall,9 (405KG),24 (4.275KM),11 (13:29),,,,,,44
14,Joshy,Gomez,Joshy Gomez,Male,Venezuela,Tropical Fitness,https://athxgames.com/storage/profile-photos/AieI3AYunAQId4hcKsRAR1gyQAwQHl0CvigTm6UW.jpg,ATHX INVITATIONAL MIAMI BEACH,United States 🇺🇸,2026,Male,ATHX,Overall,10 (400KG),22 (4.41KM),16 (15:26),,,,,,48
14,Eric,Aguilar,Eric Aguilar,Male,,,https://ui-avatars.com/api/?name=E+A&color=FFFFFF&background=000000,ATHX INVITATIONAL MIAMI BEACH,United States 🇺🇸,2026,Male,ATHX,Overall,10 (400KG),15 (4.681KM),23 (18:40),,,,,,48
16,Viktor,Rodriguez,Viktor Rodriguez,Male,,,https://ui-avatars.com/api/?name=V+R&color=FFFFFF&background=000000,ATHX INVITATIONAL MIAMI BEACH,United States 🇺🇸,2026,Male,ATHX,Overall,24 (310KG),12 (4.774KM),13 (13:58),,,,,,49
17,Gilbert,Fuchs,Gilbert Fuchs,Male,,,https://ui-avatars.com/api/?name=G+F&color=FFFFFF&background=000000,ATHX INVITATIONAL MIAMI BEACH,United States 🇺🇸,2026,Male,ATHX,Overall,32 (220KG),5 (5.15KM),15 (14:39),,,,,,52
18,Kingston,Marley,Kingston Marley,Male,,,https://ui-avatars.com/api/?name=K+M&color=FFFFFF&background=000000,ATHX INVITATIONAL MIAMI BEACH,United States 🇺🇸,2026,Male,ATHX,Overall,24 (310KG),11 (4.782KM),18 (16:13),,,,,,53
19,Johnnatan,Carbonell,Johnnatan Carbonell,Male,,,https://ui-avatars.com/api/?name=J+C&color=FFFFFF&background=000000,ATHX INVITATIONAL MIAMI BEACH,United States 🇺🇸,2026,Male,ATHX,Overall,14 (360KG),23 (4.333KM),17 (15:32),,,,,,54
20,Edgar,Gallegos,Edgar Gallegos,Male,,,https://ui-avatars.com/api/?name=E+G&color=FFFFFF&background=000000,ATHX INVITATIONAL MIAMI BEACH,United States 🇺🇸,2026,Male,ATHX,Overall,22 (325KG),17 (4.621KM),21 (17:59),,,,,,60
21,Joel,Murray,Joel Murray,Male,,,https://ui-avatars.com/api/?name=J+M&color=FFFFFF&background=000000,ATHX INVITATIONAL MIAMI BEACH,United States 🇺🇸,2026,Male,ATHX,Overall,5 (410KG),30 (3.65KM),31 (22:35),,,,,,66
22,Cyrus,Marinay,Cyrus Marinay,Male,,,https://ui-avatars.com/api/?name=C+M&color=FFFFFF&background=000000,ATHX INVITATIONAL MIAMI BEACH,United States 🇺🇸,2026,Male,ATHX,Overall,24 (310KG),18 (4.551KM),25 (19:11),,,,,,67
23,Shawn,Noy,Shawn Noy,Male,,,https://ui-avatars.com/api/?name=S+N&color=FFFFFF&background=000000,ATHX INVITATIONAL MIAMI BEACH,United States 🇺🇸,2026,Male,ATHX,Overall,20 (328KG),28 (3.763KM),20 (17:19),,,,,,68
24,Brian,Friend,Brian Friend,Male,,,https://ui-avatars.com/api/?name=B+F&color=FFFFFF&background=000000,ATHX INVITATIONAL MIAMI BEACH,United States 🇺🇸,2026,Male,ATHX,Overall,30 (250KG),20 (4.508KM),19 (16:32),,,,,,69
24,Reggie,Walker,Reggie Walker,Male,,,https://ui-avatars.com/api/?name=R+W&color=FFFFFF&background=000000,ATHX INVITATIONAL MIAMI BEACH,United States 🇺🇸,2026,Male,ATHX,Overall,29 (260KG),14 (4.763KM),26 (20:46),,,,,,69
26,Andres,Casal,Andres Casal,Male,Ecuador,Old Guys Box,https://athxgames.com/storage/profile-photos/bWtM8hOYwBkwLkr2fhqjoG68GNfNpOVuysYdTrFG.jpg,ATHX INVITATIONAL MIAMI BEACH,United States 🇺🇸,2026,Male,ATHX,Overall,28 (295KG),21 (4.499KM),24 (19:09),,,,,,73
27,Deyvi,Bone,Deyvi Bone,Male,,,https://ui-avatars.com/api/?name=D+B&color=FFFFFF&background=000000,ATHX INVITATIONAL MIAMI BEACH,United States 🇺🇸,2026,Male,ATHX,Overall,17 (330KG),27 (3.776KM),30 (22:22),,,,,,74
28,Khamahri,Ward,Khamahri Ward,Male,,,https://ui-avatars.com/api/?name=K+W&color=FFFFFF&background=000000,ATHX INVITATIONAL MIAMI BEACH,United States 🇺🇸,2026,Male,ATHX,Overall,17 (330KG),26 (3.839KM),33 (25:18),,,,,,76
29,Alexandre,Villanueva,Alexandre Villanueva,Male,,,https://ui-avatars.com/api/?name=A+V&color=FFFFFF&background=000000,ATHX INVITATIONAL MIAMI BEACH,United States 🇺🇸,2026,Male,ATHX,Overall,16 (343KG),32 (3.357KM),32 (24:59),,,,,,80
30,Daniel,Maya,Daniel Maya,Male,United States,BlackSheep CrossFit,https://ui-avatars.com/api/?name=D+M&color=FFFFFF&background=000000,ATHX INVITATIONAL MIAMI BEACH,United States 🇺🇸,2026,Male,ATHX,Overall,23 (320KG),33 (3.267KM),27 (20:48),,,,,,83
31,Blake,Sperling,Blake Sperling,Male,,,https://ui-avatars.com/api/?name=B+S&color=FFFFFF&background=000000,ATHX INVITATIONAL MIAMI BEACH,United States 🇺🇸,2026,Male,ATHX,Overall,21 (327KG),31 (3.578KM),34 (25:27),,,,,,86
31,Oliver,Rack,Oliver Rack,Male,,,https://athxgames.com/storage/profile-photos/Yvcz7MO68U1d6cFUO4nzfkXAvv2cLvJWw825QwZv.jpg,ATHX INVITATIONAL MIAMI BEACH,United States 🇺🇸,2026,Male,ATHX,Overall,33 (175KG),25 (3.845KM),28 (20:49),,,,,,86
33,Jaycarl,Ellis,Jaycarl Ellis,Male,,,https://athxgames.com/storage/profile-photos/OmCCdHpb6TB9Kancku9daSoioWCGJ1b2KSuyLAa0.jpg,ATHX INVITATIONAL MIAMI BEACH,United States 🇺🇸,2026,Male,ATHX,Overall,31 (228KG),29 (3.706KM),29 (21:25),,,,,,89
1,Paula,Leyes,Paula Leyes,Female,,,https://ui-avatars.com/api/?name=P+L&color=FFFFFF&background=000000,ATHX INVITATIONAL MIAMI BEACH,United States 🇺🇸,2026,Female,ATHX,Overall,2 (275KG),1 (4.785KM),1 (09:54),,,,,,4
2,Grace,Williams,Grace Williams,Female,,,https://ui-avatars.com/api/?name=G+W&color=FFFFFF&background=000000,ATHX INVITATIONAL MIAMI BEACH,United States 🇺🇸,2026,Female,ATHX,Overall,1 (285KG),5 (4.242KM),2 (11:04),,,,,,8
3,Lindsay,Craig,Lindsay Craig,Female,,,https://ui-avatars.com/api/?name=L+C&color=FFFFFF&background=000000,ATHX INVITATIONAL MIAMI BEACH,United States 🇺🇸,2026,Female,ATHX,Overall,3 (238KG),2 (4.765KM),9 (18:18),,,,,,14
4,Ibis,Abreu,Ibis Abreu,Female,United States,Knockout Miami Lakes,https://athxgames.com/storage/profile-photos/3IE4xpZKsnD3yW6BcZ2Pyo1P8NCMIDU0lqOEdACY.jpg,ATHX INVITATIONAL MIAMI BEACH,United States 🇺🇸,2026,Female,ATHX,Overall,4 (231KG),7 (3.917KM),3 (12:54),,,,,,14
5,Sarah,Watkins,Sarah Watkins,Female,,,https://ui-avatars.com/api/?name=S+W&color=FFFFFF&background=000000,ATHX INVITATIONAL MIAMI BEACH,United States 🇺🇸,2026,Female,ATHX,Overall,5 (203KG),4 (4.427KM),8 (17:43),,,,,,17
6,Carolina,Vengoechea,Carolina Vengoechea,Female,,,https://ui-avatars.com/api/?name=C+V&color=FFFFFF&background=000000,ATHX INVITATIONAL MIAMI BEACH,United States 🇺🇸,2026,Female,ATHX,Overall,7 (188KG),8 (3.703KM),4 (13:08),,,,,,19
6,Lauryn,Boggs,Lauryn Boggs,Female,,,https://ui-avatars.com/api/?name=L+B&color=FFFFFF&background=000000,ATHX INVITATIONAL MIAMI BEACH,United States 🇺🇸,2026,Female,ATHX,Overall,10 (178KG),3 (4.678KM),6 (16:33),,,,,,19
8,Heidi,Williams,Heidi Williams,Female,,,https://ui-avatars.com/api/?name=H+W&color=FFFFFF&background=000000,ATHX INVITATIONAL MIAMI BEACH,United States 🇺🇸,2026,Female,ATHX,Overall,9 (180KG),6 (4.205KM),5 (13:37),,,,,,20
9,Carolina,Bada,Carolina Bada,Female,,,https://ui-avatars.com/api/?name=C+B&color=FFFFFF&background=000000,ATHX INVITATIONAL MIAMI BEACH,United States 🇺🇸,2026,Female,ATHX,Overall,8 (184KG),9 (3.179KM),7 (16:49),,,,,,24
10,Jess,Nichole,Jess Nichole,Female,,,https://ui-avatars.com/api/?name=J+N&color=FFFFFF&background=000000,ATHX INVITATIONAL MIAMI BEACH,United States 🇺🇸,2026,Female,ATHX,Overall,6 (193KG),10 (3.069KM),10 (23:55),,,,,,26
1,Connor,McCormick,Connor McCormick,Male,,,https://ui-avatars.com/api/?name=C+M&color=FFFFFF&background=000000,ATHX INVITATIONAL MIAMI BEACH,United States 🇺🇸,2026,Male,ATHX,Endurance,,,,,,,3KM,2.435KM,1
2,Jake,Murray,Jake Murray,Male,,,https://ui-avatars.com/api/?name=J+M&color=FFFFFF&background=000000,ATHX INVITATIONAL MIAMI BEACH,United States 🇺🇸,2026,Male,ATHX,Endurance,,,,,,,2.918KM,2.271KM,2
3,Frank,Joly,Frank Joly,Male,Canada,Frank  Joly,https://athxgames.com/storage/profile-photos/MsT5pEaWYHZBImrfYOnI0ghTHD95pwhyDf4JR3ef.jpg,ATHX INVITATIONAL MIAMI BEACH,United States 🇺🇸,2026,Male,ATHX,Endurance,,,,,,,2.898KM,2.266KM,3
4,Paul,Dzhugostran,Paul Dzhugostran,Male,,,https://ui-avatars.com/api/?name=P+D&color=FFFFFF&background=000000,ATHX INVITATIONAL MIAMI BEACH,United States 🇺🇸,2026,Male,ATHX,Endurance,,,,,,,2.892KM,2.264KM,4
5,Gilbert,Fuchs,Gilbert Fuchs,Male,,,https://ui-avatars.com/api/?name=G+F&color=FFFFFF&background=000000,ATHX INVITATIONAL MIAMI BEACH,United States 🇺🇸,2026,Male,ATHX,Endurance,,,,,,,2.893KM,2.257KM,5
6,Benjamin,Kosinski,Benjamin Kosinski,Male,,,https://ui-avatars.com/api/?name=B+K&color=FFFFFF&background=000000,ATHX INVITATIONAL MIAMI BEACH,United States 🇺🇸,2026,Male,ATHX,Endurance,,,,,,,2.864KM,2.259KM,6
7,William,Barthau,William Barthau,Male,,,https://ui-avatars.com/api/?name=W+B&color=FFFFFF&background=000000,ATHX INVITATIONAL MIAMI BEACH,United States 🇺🇸,2026,Male,ATHX,Endurance,,,,,,,2.864KM,2.258KM,7
8,Jason,Senn,Jason Senn,Male,United States,CrossFit Humidity,https://ui-avatars.com/api/?name=J+S&color=FFFFFF&background=000000,ATHX INVITATIONAL MIAMI BEACH,United States 🇺🇸,2026,Male,ATHX,Endurance,,,,,,,2.774KM,2.259KM,8
9,Nicholas,Mantzaridis,Nicholas Mantzaridis,Male,United States,CrossFit Wynwood,https://athxgames.com/storage/profile-photos/dyaL9tsUloM46K1U7iDegV1DUXD7sgMjJR5O0A70.jpg,ATHX INVITATIONAL MIAMI BEACH,United States 🇺🇸,2026,Male,ATHX,Endurance,,,,,,,2.781KM,2.25KM,9
10,Jacob,Fenton,Jacob Fenton,Male,,,https://ui-avatars.com/api/?name=J+F&color=FFFFFF&background=000000,ATHX INVITATIONAL MIAMI BEACH,United States 🇺🇸,2026,Male,ATHX,Endurance,,,,,,,2.672KM,2.257KM,10
11,Kingston,Marley,Kingston Marley,Male,,,https://ui-avatars.com/api/?name=K+M&color=FFFFFF&background=000000,ATHX INVITATIONAL MIAMI BEACH,United States 🇺🇸,2026,Male,ATHX,Endurance,,,,,,,2.515KM,2.267KM,11
12,Viktor,Rodriguez,Viktor Rodriguez,Male,,,https://ui-avatars.com/api/?name=V+R&color=FFFFFF&background=000000,ATHX INVITATIONAL MIAMI BEACH,United States 🇺🇸,2026,Male,ATHX,Endurance,,,,,,,2.516KM,2.258KM,12
13,Kristian,Williams,Kristian Williams,Male,,,https://ui-avatars.com/api/?name=K+W&color=FFFFFF&background=000000,ATHX INVITATIONAL MIAMI BEACH,United States 🇺🇸,2026,Male,ATHX,Endurance,,,,,,,2.513KM,2.255KM,13
14,Reggie,Walker,Reggie Walker,Male,,,https://ui-avatars.com/api/?name=R+W&color=FFFFFF&background=000000,ATHX INVITATIONAL MIAMI BEACH,United States 🇺🇸,2026,Male,ATHX,Endurance,,,,,,,2.5KM,2.263KM,14
15,Eric,Aguilar,Eric Aguilar,Male,,,https://ui-avatars.com/api/?name=E+A&color=FFFFFF&background=000000,ATHX INVITATIONAL MIAMI BEACH,United States 🇺🇸,2026,Male,ATHX,Endurance,,,,,,,2.5KM,2.181KM,15
16,Alexis,Barraza,Alexis Barraza,Male,,,https://ui-avatars.com/api/?name=A+B&color=FFFFFF&background=000000,ATHX INVITATIONAL MIAMI BEACH,United States 🇺🇸,2026,Male,ATHX,Endurance,,,,,,,2.5KM,2.139KM,16
17,Edgar,Gallegos,Edgar Gallegos,Male,,,https://ui-avatars.com/api/?name=E+G&color=FFFFFF&background=000000,ATHX INVITATIONAL MIAMI BEACH,United States 🇺🇸,2026,Male,ATHX,Endurance,,,,,,,2.5KM,2.121KM,17
18,Cyrus,Marinay,Cyrus Marinay,Male,,,https://ui-avatars.com/api/?name=C+M&color=FFFFFF&background=000000,ATHX INVITATIONAL MIAMI BEACH,United States 🇺🇸,2026,Male,ATHX,Endurance,,,,,,,2.29KM,2.261KM,18
19,Bohdan,Yakovliev,Bohdan Yakovliev,Male,,,https://athxgames.com/storage/profile-photos/Jp4po3jMMvBWmNrBKSv66j9MJtsLuyV9xjYJQ0cV.jpg,ATHX INVITATIONAL MIAMI BEACH,United States 🇺🇸,2026,Male,ATHX,Endurance,,,,,,,2.276KM,2.262KM,19
20,Brian,Friend,Brian Friend,Male,,,https://ui-avatars.com/api/?name=B+F&color=FFFFFF&background=000000,ATHX INVITATIONAL MIAMI BEACH,United States 🇺🇸,2026,Male,ATHX,Endurance,,,,,,,2.5KM,2.008KM,20
21,Andres,Casal,Andres Casal,Male,Ecuador,Old Guys Box,https://athxgames.com/storage/profile-photos/bWtM8hOYwBkwLkr2fhqjoG68GNfNpOVuysYdTrFG.jpg,ATHX INVITATIONAL MIAMI BEACH,United States 🇺🇸,2026,Male,ATHX,Endurance,,,,,,,2.25KM,2.249KM,21
22,Joshy,Gomez,Joshy Gomez,Male,Venezuela,Tropical Fitness,https://athxgames.com/storage/profile-photos/AieI3AYunAQId4hcKsRAR1gyQAwQHl0CvigTm6UW.jpg,ATHX INVITATIONAL MIAMI BEACH,United States 🇺🇸,2026,Male,ATHX,Endurance,,,,,,,2.299KM,2.111KM,22
23,Johnnatan,Carbonell,Johnnatan Carbonell,Male,,,https://ui-avatars.com/api/?name=J+C&color=FFFFFF&background=000000,ATHX INVITATIONAL MIAMI BEACH,United States 🇺🇸,2026,Male,ATHX,Endurance,,,,,,,2.25KM,2.083KM,23
24,Rick,Chavez,Rick Chavez,Male,,,https://ui-avatars.com/api/?name=R+C&color=FFFFFF&background=000000,ATHX INVITATIONAL MIAMI BEACH,United States 🇺🇸,2026,Male,ATHX,Endurance,,,,,,,2.5KM,1.775KM,24
25,Oliver,Rack,Oliver Rack,Male,,,https://athxgames.com/storage/profile-photos/Yvcz7MO68U1d6cFUO4nzfkXAvv2cLvJWw825QwZv.jpg,ATHX INVITATIONAL MIAMI BEACH,United States 🇺🇸,2026,Male,ATHX,Endurance,,,,,,,2.25KM,1.595KM,25
26,Khamahri,Ward,Khamahri Ward,Male,,,https://ui-avatars.com/api/?name=K+W&color=FFFFFF&background=000000,ATHX INVITATIONAL MIAMI BEACH,United States 🇺🇸,2026,Male,ATHX,Endurance,,,,,,,2.323KM,1.516KM,26
27,Deyvi,Bone,Deyvi Bone,Male,,,https://ui-avatars.com/api/?name=D+B&color=FFFFFF&background=000000,ATHX INVITATIONAL MIAMI BEACH,United States 🇺🇸,2026,Male,ATHX,Endurance,,,,,,,2.25KM,1.526KM,27
28,Shawn,Noy,Shawn Noy,Male,,,https://ui-avatars.com/api/?name=S+N&color=FFFFFF&background=000000,ATHX INVITATIONAL MIAMI BEACH,United States 🇺🇸,2026,Male,ATHX,Endurance,,,,,,,2.25KM,1.513KM,28
29,Jaycarl,Ellis,Jaycarl Ellis,Male,,,https://athxgames.com/storage/profile-photos/OmCCdHpb6TB9Kancku9daSoioWCGJ1b2KSuyLAa0.jpg,ATHX INVITATIONAL MIAMI BEACH,United States 🇺🇸,2026,Male,ATHX,Endurance,,,,,,,2.196KM,1.51KM,29
30,Joel,Murray,Joel Murray,Male,,,https://ui-avatars.com/api/?name=J+M&color=FFFFFF&background=000000,ATHX INVITATIONAL MIAMI BEACH,United States 🇺🇸,2026,Male,ATHX,Endurance,,,,,,,2.136KM,1.514KM,30
31,Blake,Sperling,Blake Sperling,Male,,,https://ui-avatars.com/api/?name=B+S&color=FFFFFF&background=000000,ATHX INVITATIONAL MIAMI BEACH,United States 🇺🇸,2026,Male,ATHX,Endurance,,,,,,,2.067KM,1.511KM,31
32,Alexandre,Villanueva,Alexandre Villanueva,Male,,,https://ui-avatars.com/api/?name=A+V&color=FFFFFF&background=000000,ATHX INVITATIONAL MIAMI BEACH,United States 🇺🇸,2026,Male,ATHX,Endurance,,,,,,,1.84KM,1.517KM,32
33,Daniel,Maya,Daniel Maya,Male,United States,BlackSheep CrossFit,https://ui-avatars.com/api/?name=D+M&color=FFFFFF&background=000000,ATHX INVITATIONAL MIAMI BEACH,United States 🇺🇸,2026,Male,ATHX,Endurance,,,,,,,1.763KM,1.504KM,33
1,Paula,Leyes,Paula Leyes,Female,,,https://ui-avatars.com/api/?name=P+L&color=FFFFFF&background=000000,ATHX INVITATIONAL MIAMI BEACH,United States 🇺🇸,2026,Female,ATHX,Endurance,,,,,,,2.522KM,2.263KM,1
2,Lindsay,Craig,Lindsay Craig,Female,,,https://ui-avatars.com/api/?name=L+C&color=FFFFFF&background=000000,ATHX INVITATIONAL MIAMI BEACH,United States 🇺🇸,2026,Female,ATHX,Endurance,,,,,,,2.761KM,2.004KM,2
3,Lauryn,Boggs,Lauryn Boggs,Female,,,https://ui-avatars.com/api/?name=L+B&color=FFFFFF&background=000000,ATHX INVITATIONAL MIAMI BEACH,United States 🇺🇸,2026,Female,ATHX,Endurance,,,,,,,2.5KM,2.178KM,3
4,Sarah,Watkins,Sarah Watkins,Female,,,https://ui-avatars.com/api/?name=S+W&color=FFFFFF&background=000000,ATHX INVITATIONAL MIAMI BEACH,United States 🇺🇸,2026,Female,ATHX,Endurance,,,,,,,2.745KM,1.682KM,4
5,Grace,Williams,Grace Williams,Female,,,https://ui-avatars.com/api/?name=G+W&color=FFFFFF&background=000000,ATHX INVITATIONAL MIAMI BEACH,United States 🇺🇸,2026,Female,ATHX,Endurance,,,,,,,2.25KM,1.992KM,5
6,Heidi,Williams,Heidi Williams,Female,,,https://ui-avatars.com/api/?name=H+W&color=FFFFFF&background=000000,ATHX INVITATIONAL MIAMI BEACH,United States 🇺🇸,2026,Female,ATHX,Endurance,,,,,,,2.25KM,1.955KM,6
7,Ibis,Abreu,Ibis Abreu,Female,United States,Knockout Miami Lakes,https://athxgames.com/storage/profile-photos/3IE4xpZKsnD3yW6BcZ2Pyo1P8NCMIDU0lqOEdACY.jpg,ATHX INVITATIONAL MIAMI BEACH,United States 🇺🇸,2026,Female,ATHX,Endurance,,,,,,,2.408KM,1.509KM,7
8,Carolina,Vengoechea,Carolina Vengoechea,Female,,,https://ui-avatars.com/api/?name=C+V&color=FFFFFF&background=000000,ATHX INVITATIONAL MIAMI BEACH,United States 🇺🇸,2026,Female,ATHX,Endurance,,,,,,,2.195KM,1.508KM,8
9,Carolina,Bada,Carolina Bada,Female,,,https://ui-avatars.com/api/?name=C+B&color=FFFFFF&background=000000,ATHX INVITATIONAL MIAMI BEACH,United States 🇺🇸,2026,Female,ATHX,Endurance,,,,,,,1.667KM,1.512KM,9
10,Jess,Nichole,Jess Nichole,Female,,,https://ui-avatars.com/api/?name=J+N&color=FFFFFF&background=000000,ATHX INVITATIONAL MIAMI BEACH,United States 🇺🇸,2026,Female,ATHX,Endurance,,,,,,,1.553KM,1.516KM,10
1,Jennifer,Muir,Jennifer Muir,Female,United Kingdom,CrossFit Kirkintilloch,https://ui-avatars.com/api/?name=J+M&color=FFFFFF&background=000000,ATHX INVITATIONAL MIAMI BEACH,United States 🇺🇸,2026,Female,ATHX Pro,Overall,2 (378KG),6 (5.09KM),1 (08:19),,,,,,9
2,Hannah,Black,Hannah Black,Female,,,https://ui-avatars.com/api/?name=H+B&color=FFFFFF&background=000000,ATHX INVITATIONAL MIAMI BEACH,United States 🇺🇸,2026,Female,ATHX Pro,Overall,3 (358KG),7 (5.029KM),2 (08:36),,,,,,12
3,Sydney,Wells,Sydney Wells,Female,,,https://ui-avatars.com/api/?name=S+W&color=FFFFFF&background=000000,ATHX INVITATIONAL MIAMI BEACH,United States 🇺🇸,2026,Female,ATHX Pro,Overall,4 (345KG),4 (5.356KM),6 (09:24),,,,,,14
4,Emily,Rolfe,Emily Rolfe,Female,,,https://ui-avatars.com/api/?name=E+R&color=FFFFFF&background=000000,ATHX INVITATIONAL MIAMI BEACH,United States 🇺🇸,2026,Female,ATHX Pro,Overall,9 (328KG),3 (5.474KM),4 (09:14),,,,,,16
5,Sydney,Smith,Sydney Smith,Female,,,https://ui-avatars.com/api/?name=S+S&color=FFFFFF&background=000000,ATHX INVITATIONAL MIAMI BEACH,United States 🇺🇸,2026,Female,ATHX Pro,Overall,6 (335KG),9 (5.006KM),3 (09:11),,,,,,18
6,Arielle,Loewen,Arielle Loewen,Female,,,https://ui-avatars.com/api/?name=A+L&color=FFFFFF&background=000000,ATHX INVITATIONAL MIAMI BEACH,United States 🇺🇸,2026,Female,ATHX Pro,Overall,7 (330KG),5 (5.211KM),7 (10:03),,,,,,19
7,Lena,Richter,Lena Richter,Female,,,https://ui-avatars.com/api/?name=L+R&color=FFFFFF&background=000000,ATHX INVITATIONAL MIAMI BEACH,United States 🇺🇸,2026,Female,ATHX Pro,Overall,5 (340KG),11 (4.86KM),8 (10:07),,,,,,24
8,Camilla,Massa,Camilla Massa,Female,,,https://ui-avatars.com/api/?name=C+M&color=FFFFFF&background=000000,ATHX INVITATIONAL MIAMI BEACH,United States 🇺🇸,2026,Female,ATHX Pro,Overall,13 (286KG),1 (5.549KM),11 (11:00),,,,,,25
9,Terra,Jackson,Terra Jackson,Female,,,https://ui-avatars.com/api/?name=T+J&color=FFFFFF&background=000000,ATHX INVITATIONAL MIAMI BEACH,United States 🇺🇸,2026,Female,ATHX Pro,Overall,16 (240KG),2 (5.496KM),10 (10:47),,,,,,28
10,Erin,Murray,Erin Murray,Female,,,https://ui-avatars.com/api/?name=E+M&color=FFFFFF&background=000000,ATHX INVITATIONAL MIAMI BEACH,United States 🇺🇸,2026,Female,ATHX Pro,Overall,1 (410KG),14 (3.648KM),14 (19:20),,,,,,29
11,Lauren,Rantala,Lauren Rantala,Female,United States,Ranta Howe Fit,https://ui-avatars.com/api/?name=L+R&color=FFFFFF&background=000000,ATHX INVITATIONAL MIAMI BEACH,United States 🇺🇸,2026,Female,ATHX Pro,Overall,12 (300KG),8 (5.012KM),9 (10:10),,,,,,29
11,Lindsay,Bessegato,Lindsay Bessegato,Female,Canada,,https://ui-avatars.com/api/?name=L+B&color=FFFFFF&background=000000,ATHX INVITATIONAL MIAMI BEACH,United States 🇺🇸,2026,Female,ATHX Pro,Overall,7 (330KG),10 (5KM),12 (11:12),,,,,,29
13,Sasha,Nievas,Sasha Nievas,Female,,,https://ui-avatars.com/api/?name=S+N&color=FFFFFF&background=000000,ATHX INVITATIONAL MIAMI BEACH,United States 🇺🇸,2026,Female,ATHX Pro,Overall,10 (325KG),12 (4.304KM),13 (13:35),,,,,,35
14,Alexia,Zuloaga,Alexia Zuloaga,Female,,,https://ui-avatars.com/api/?name=A+Z&color=FFFFFF&background=000000,ATHX INVITATIONAL MIAMI BEACH,United States 🇺🇸,2026,Female,ATHX Pro,Overall,14 (279KG),13 (4.041KM),16 (21:40),,,,,,43
15,Sherrie,Gonzalez,Sherrie Gonzalez,Female,United States,One Asterisk CrossFit,https://ui-avatars.com/api/?name=S+G&color=FFFFFF&background=000000,ATHX INVITATIONAL MIAMI BEACH,United States 🇺🇸,2026,Female,ATHX Pro,Overall,15 (255KG),15 (3.477KM),15 (19:59),,,,,,45
