rank,first_name,last_name,full_name,gender,nationality,gym_name,profile_photo_url,event,country,year,division,event_category,workout_filter,1RM Strict Press,3RM Back Squat,5RM Deadlift,Run,Row
1,Christopher,Peete,Christopher Peete,Male,,,https://ui-avatars.com/api/?name=C+P&color=FFFFFF&background=000000,ATHX INVITATIONAL MIAMI BEACH,United States 🇺🇸,2026,Male,ATHX,Strength,100KG,190KG,230KG,,
2,Justin,Tapper,Justin Tapper,Male,,,https://ui-avatars.com/api/?name=J+T&color=FFFFFF&background=000000,ATHX INVITATIONAL MIAMI BEACH,United States 🇺🇸,2026,Male,ATHX,Strength,100KG,190KG,210KG,,
3,Bryan,Stewart,Bryan Stewart,Male,,,https://ui-avatars.com/api/?name=B+S&color=FFFFFF&background=000000,ATHX INVITATIONAL MIAMI BEACH,United States 🇺🇸,2026,Male,ATHX,Strength,95KG,190KG,210KG,,
4,Eddy,Rivero,Eddy Rivero,Male,,,https://ui-avatars.com/api/?name=E+R&color=FFFFFF&background=000000,ATHX INVITATIONAL MIAMI BEACH,United States 🇺🇸,2026,Male,ATHX,Strength,90KG,180KG,190KG,,
5,Joao,Monteiro,Joao Monteiro,Male,,,https://ui-avatars.com/api/?name=J+M&color=FFFFFF&background=000000,ATHX INVITATIONAL MIAMI BEACH,United States 🇺🇸,2026,Male,ATHX,Strength,80KG,180KG,180KG,,
6,Patrick,Sprague,Patrick Sprague,Male,,,https://ui-avatars.com/api/?name=P+S&color=FFFFFF&background=000000,ATHX INVITATIONAL MIAMI BEACH,United States 🇺🇸,2026,Male,ATHX,Strength,60KG,170KG,202KG,,
7,Levi,Cox,Levi Cox,Male,,,https://ui-avatars.com/api/?name=L+C&color=FFFFFF&background=000000,ATHX INVITATIONAL MIAMI BEACH,United States 🇺🇸,2026,Male,ATHX,Strength,90KG,160KG,180KG,,
7,Danny,Tuckerman,Danny Tuckerman,Male,,,https://ui-avatars.com/api/?name=D+T&color=FFFFFF&background=000000,ATHX INVITATIONAL MIAMI BEACH,United States 🇺🇸,2026,Male,ATHX,Strength,80KG,160KG,190KG,,
9,Giorgio,Rapicavoli,Giorgio Rapicavoli,Male,,,https://ui-avatars.com/api/?name=G+R&color=FFFFFF&background=000000,ATHX INVITATIONAL MIAMI BEACH,United States 🇺🇸,2026,Male,ATHX,Strength,93KG,150KG,180KG,,
10,Corbin,Mims,Corbin Mims,Male,,,https://athxgames.com/storage/profile-photos/i2M1mbRTayVabKeRTZ3WPLlwfUo3P5OE0fO0lBXC.jpg,ATHX INVITATIONAL MIAMI BEACH,United States 🇺🇸,2026,Male,ATHX,Strength,55KG,160KG,180KG,,
11,Kevin,Koester,Kevin Koester,Male,,,https://ui-avatars.com/api/?name=K+K&color=FFFFFF&background=000000,ATHX INVITATIONAL MIAMI BEACH,United States 🇺🇸,2026,Male,ATHX,Strength,60KG,150KG,180KG,,
11,Jesus,Caicedo amador,Jesus Caicedo amador,Male,,,https://ui-avatars.com/api/?name=J+C+a&color=FFFFFF&background=000000,ATHX INVITATIONAL MIAMI BEACH,United States 🇺🇸,2026,Male,ATHX,Strength,80KG,140KG,170KG,,
13,Gustavo,Lima,Gustavo Lima,Male,,,https://ui-avatars.com/api/?name=G+L&color=FFFFFF&background=000000,ATHX INVITATIONAL MIAMI BEACH,United States 🇺🇸,2026,Male,ATHX,Strength,70KG,150KG,160KG,,
13,Edgar,Guerrero,Edgar Guerrero,Male,,,https://ui-avatars.com/api/?name=E+G&color=FFFFFF&background=000000,ATHX INVITATIONAL MIAMI BEACH,United States 🇺🇸,2026,Male,ATHX,Strength,65KG,105KG,210KG,,
15,Alejandro,Guerrero,Alejandro Guerrero,Male,,,https://ui-avatars.com/api/?name=A+G&color=FFFFFF&background=000000,ATHX INVITATIONAL MIAMI BEACH,United States 🇺🇸,2026,Male,ATHX,Strength,75KG,120KG,180KG,,
16,Kenny,Santucci,Kenny Santucci,Male,,,https://ui-avatars.com/api/?name=K+S&color=FFFFFF&background=000000,ATHX INVITATIONAL MIAMI BEACH,United States 🇺🇸,2026,Male,ATHX,Strength,55KG,120KG,185KG,,
16,Leandro,Ferrari,Leandro Ferrari,Male,,,https://athxgames.com/storage/profile-photos/C1iXdjnQB9fpETUx5p1WFsioSYEfkyITSj2XfDX6.jpg,ATHX INVITATIONAL MIAMI BEACH,United States 🇺🇸,2026,Male,ATHX,Strength,60KG,140KG,160KG,,
16,Michael,Oyarzun,Michael Oyarzun,Male,,,https://ui-avatars.com/api/?name=M+O&color=FFFFFF&background=000000,ATHX INVITATIONAL MIAMI BEACH,United States 🇺🇸,2026,Male,ATHX,Strength,90KG,90KG,180KG,,
16,Guillermo,Pons,Guillermo Pons,Male,,,https://ui-avatars.com/api/?name=G+P&color=FFFFFF&background=000000,ATHX INVITATIONAL MIAMI BEACH,United States 🇺🇸,2026,Male,ATHX,Strength,70KG,130KG,160KG,,
20,Joe,Farley,Joe Farley,Male,,,https://ui-avatars.com/api/?name=J+F&color=FFFFFF&background=000000,ATHX INVITATIONAL MIAMI BEACH,United States 🇺🇸,2026,Male,ATHX,Strength,70KG,120KG,165KG,,
21,Nathan,Cruz,Nathan Cruz,Male,,,https://ui-avatars.com/api/?name=N+C&color=FFFFFF&background=000000,ATHX INVITATIONAL MIAMI BEACH,United States 🇺🇸,2026,Male,ATHX,Strength,70KG,120KG,163KG,,
22,Anthony,Rice,Anthony Rice,Male,,,https://ui-avatars.com/api/?name=A+R&color=FFFFFF&background=000000,ATHX INVITATIONAL MIAMI BEACH,United States 🇺🇸,2026,Male,ATHX,Strength,80KG,130KG,140KG,,
23,Christopher,Dorazio,Christopher Dorazio,Male,,,https://ui-avatars.com/api/?name=C+D&color=FFFFFF&background=000000,ATHX INVITATIONAL MIAMI BEACH,United States 🇺🇸,2026,Male,ATHX,Strength,75KG,120KG,150KG,,
23,Leandro,Boucourt,Leandro Boucourt,Male,,,https://ui-avatars.com/api/?name=L+B&color=FFFFFF&background=000000,ATHX INVITATIONAL MIAMI BEACH,United States 🇺🇸,2026,Male,ATHX,Strength,75KG,130KG,140KG,,
25,Lauri,de Freitas,Lauri de Freitas,Male,Germany,,https://athxgames.com/storage/profile-photos/B0mdy7DR7skinawEvARDxcTRkYTN1arHG0HP40Ar.jpg,ATHX INVITATIONAL MIAMI BEACH,United States 🇺🇸,2026,Male,ATHX,Strength,80KG,110KG,150KG,,
25,Marcelo,Martinez,Marcelo Martinez,Male,,,https://ui-avatars.com/api/?name=M+M&color=FFFFFF&background=000000,ATHX INVITATIONAL MIAMI BEACH,United States 🇺🇸,2026,Male,ATHX,Strength,70KG,120KG,150KG,,
27,Simon,Bratke,Simon Bratke,Male,Germany,,https://ui-avatars.com/api/?name=S+B&color=FFFFFF&background=000000,ATHX INVITATIONAL MIAMI BEACH,United States 🇺🇸,2026,Male,ATHX,Strength,80KG,110KG,145KG,,
27,Jose,Manjarres,Jose Manjarres,Male,,,https://ui-avatars.com/api/?name=J+M&color=FFFFFF&background=000000,ATHX INVITATIONAL MIAMI BEACH,United States 🇺🇸,2026,Male,ATHX,Strength,70KG,110KG,155KG,,
29,Sean,schieppati,Sean schieppati,Male,,,https://ui-avatars.com/api/?name=S+s&color=FFFFFF&background=000000,ATHX INVITATIONAL MIAMI BEACH,United States 🇺🇸,2026,Male,ATHX,Strength,25KG,145KG,160KG,,
29,Alonso,Chaupis,Alonso Chaupis,Male,Peru,,https://ui-avatars.com/api/?name=A+C&color=FFFFFF&background=000000,ATHX INVITATIONAL MIAMI BEACH,United States 🇺🇸,2026,Male,ATHX,Strength,60KG,120KG,150KG,,
29,William,Loheide,William Loheide,Male,,,https://ui-avatars.com/api/?name=W+L&color=FFFFFF&background=000000,ATHX INVITATIONAL MIAMI BEACH,United States 🇺🇸,2026,Male,ATHX,Strength,70KG,120KG,140KG,,
32,Ani,Pendurthi,Ani Pendurthi,Male,,,https://ui-avatars.com/api/?name=A+P&color=FFFFFF&background=000000,ATHX INVITATIONAL MIAMI BEACH,United States 🇺🇸,2026,Male,ATHX,Strength,65KG,120KG,140KG,,
33,Juan m,Galvis,Juan m Galvis,Male,,,https://ui-avatars.com/api/?name=J+m+G&color=FFFFFF&background=000000,ATHX INVITATIONAL MIAMI BEACH,United States 🇺🇸,2026,Male,ATHX,Strength,60KG,110KG,150KG,,
34,Josh,Vasquez,Josh Vasquez,Male,United States,Crossfit Miami Beach,https://ui-avatars.com/api/?name=J+V&color=FFFFFF&background=000000,ATHX INVITATIONAL MIAMI BEACH,United States 🇺🇸,2026,Male,ATHX,Strength,68KG,110KG,140KG,,
35,Fede,Sandoval,Fede Sandoval,Male,,,https://ui-avatars.com/api/?name=F+S&color=FFFFFF&background=000000,ATHX INVITATIONAL MIAMI BEACH,United States 🇺🇸,2026,Male,ATHX,Strength,65KG,140KG,100KG,,
36,Carlos,Orozco,Carlos Orozco,Male,,,https://ui-avatars.com/api/?name=C+O&color=FFFFFF&background=000000,ATHX INVITATIONAL MIAMI BEACH,United States 🇺🇸,2026,Male,ATHX,Strength,60KG,110KG,130KG,,
36,Delano,Pinheiro,Delano Pinheiro,Male,,,https://ui-avatars.com/api/?name=D+P&color=FFFFFF&background=000000,ATHX INVITATIONAL MIAMI BEACH,United States 🇺🇸,2026,Male,ATHX,Strength,60KG,120KG,120KG,,
38,Allan,Ajoy,Allan Ajoy,Male,,,https://ui-avatars.com/api/?name=A+A&color=FFFFFF&background=000000,ATHX INVITATIONAL MIAMI BEACH,United States 🇺🇸,2026,Male,ATHX,Strength,58KG,110KG,130KG,,
39,Eduardo,Caucho,Eduardo Caucho,Male,,,https://ui-avatars.com/api/?name=E+C&color=FFFFFF&background=000000,ATHX INVITATIONAL MIAMI BEACH,United States 🇺🇸,2026,Male,ATHX,Strength,60KG,100KG,130KG,,
39,Pedro,Leyva,Pedro Leyva,Male,Cuba,,https://athxgames.com/storage/profile-photos/6JKU4yoNqCcA8ZSIi9PR8AXh68t2H7cvQXLSFMNT.jpg,ATHX INVITATIONAL MIAMI BEACH,United States 🇺🇸,2026,Male,ATHX,Strength,60KG,110KG,120KG,,
39,Andres,Konowalskyj,Andres Konowalskyj,Male,,,https://ui-avatars.com/api/?name=A+K&color=FFFFFF&background=000000,ATHX INVITATIONAL MIAMI BEACH,United States 🇺🇸,2026,Male,ATHX,Strength,60KG,100KG,130KG,,
39,Marco,Maraschin,Marco Maraschin,Male,,,https://ui-avatars.com/api/?name=M+M&color=FFFFFF&background=000000,ATHX INVITATIONAL MIAMI BEACH,United States 🇺🇸,2026,Male,ATHX,Strength,50KG,110KG,130KG,,
43,Armando,Rey,Armando Rey,Male,,,https://ui-avatars.com/api/?name=A+R&color=FFFFFF&background=000000,ATHX INVITATIONAL MIAMI BEACH,United States 🇺🇸,2026,Male,ATHX,Strength,65KG,100KG,120KG,,
44,Garrett,Lynn,Garrett Lynn,Male,,,https://ui-avatars.com/api/?name=G+L&color=FFFFFF&background=000000,ATHX INVITATIONAL MIAMI BEACH,United States 🇺🇸,2026,Male,ATHX,Strength,60KG,110KG,100KG,,
44,Zachary,Grimsdale,Zachary Grimsdale,Male,,,https://ui-avatars.com/api/?name=Z+G&color=FFFFFF&background=000000,ATHX INVITATIONAL MIAMI BEACH,United States 🇺🇸,2026,Male,ATHX,Strength,60KG,110KG,100KG,,
46,Kevin,Piedrahita,Kevin Piedrahita,Male,,,https://ui-avatars.com/api/?name=K+P&color=FFFFFF&background=000000,ATHX INVITATIONAL MIAMI BEACH,United States 🇺🇸,2026,Male,ATHX,Strength,55KG,110KG,103KG,,
47,Simon,Serna,Simon Serna,Male,,,https://athxgames.com/storage/profile-photos/S1bnSoD2LsB0FdReu4J7bzhK7PMgmOlbf8Ky0N8U.png,ATHX INVITATIONAL MIAMI BEACH,United States 🇺🇸,2026,Male,ATHX,Strength,65KG,100KG,100KG,,
48,Alejandro,Alba,Alejandro Alba,Male,,,https://ui-avatars.com/api/?name=A+A&color=FFFFFF&background=000000,ATHX INVITATIONAL MIAMI BEACH,United States 🇺🇸,2026,Male,ATHX,Strength,60KG,100KG,100KG,,
49,Bryan,Quintanilla,Bryan Quintanilla,Male,,,https://ui-avatars.com/api/?name=B+Q&color=FFFFFF&background=000000,ATHX INVITATIONAL MIAMI BEACH,United States 🇺🇸,2026,Male,ATHX,Strength,50KG,80KG,120KG,,
50,Nico,Tscherven,Nico Tscherven,Male,,,https://ui-avatars.com/api/?name=N+T&color=FFFFFF&background=000000,ATHX INVITATIONAL MIAMI BEACH,United States 🇺🇸,2026,Male,ATHX,Strength,65KG,90KG,90KG,,
50,Ali,Faison,Ali Faison,Male,,,https://ui-avatars.com/api/?name=A+F&color=FFFFFF&background=000000,ATHX INVITATIONAL MIAMI BEACH,United States 🇺🇸,2026,Male,ATHX,Strength,55KG,95KG,95KG,,
52,Sean,Velas,Sean Velas,Male,,,https://ui-avatars.com/api/?name=S+V&color=FFFFFF&background=000000,ATHX INVITATIONAL MIAMI BEACH,United States 🇺🇸,2026,Male,ATHX,Strength,63KG,55KG,120KG,,
53,Yosiel,Piloto,Yosiel Piloto,Male,,,https://ui-avatars.com/api/?name=Y+P&color=FFFFFF&background=000000,ATHX INVITATIONAL MIAMI BEACH,United States 🇺🇸,2026,Male,ATHX,Strength,43KG,80KG,90KG,,
54,Tyler,Miller,Tyler Miller,Male,,,https://ui-avatars.com/api/?name=T+M&color=FFFFFF&background=000000,ATHX INVITATIONAL MIAMI BEACH,United States 🇺🇸,2026,Male,ATHX,Strength,55KG,55KG,72KG,,
55,Juan,Campos,Juan Campos,Male,Costa Rica,Centuria Fitness,https://ui-avatars.com/api/?name=J+C&color=FFFFFF&background=000000,ATHX INVITATIONAL MIAMI BEACH,United States 🇺🇸,2026,Male,ATHX,Strength,33KG,58KG,90KG,,
56,Jorge,Fernandez,Jorge Fernandez,Male,,,https://ui-avatars.com/api/?name=J+F&color=FFFFFF&background=000000,ATHX INVITATIONAL MIAMI BEACH,United States 🇺🇸,2026,Male,ATHX,Strength,40KG,45KG,90KG,,
57,Gabriel,Gonzalez,Gabriel Gonzalez,Male,,he1ghtrequirement,https://ui-avatars.com/api/?name=G+G&color=FFFFFF&background=000000,ATHX INVITATIONAL MIAMI BEACH,United States 🇺🇸,2026,Male,ATHX,Strength,35KG,55KG,75KG,,
1,Sydney,Witter,Sydney Witter,Female,,,https://ui-avatars.com/api/?name=S+W&color=FFFFFF&background=000000,ATHX INVITATIONAL MIAMI BEACH,United States 🇺🇸,2026,Female,ATHX Pro,Strength,70KG,130KG,185KG,,
2,Anikha,Greer,Anikha Greer,Female,,,https://ui-avatars.com/api/?name=A+G&color=FFFFFF&background=000000,ATHX INVITATIONAL MIAMI BEACH,United States 🇺🇸,2026,Female,ATHX Pro,Strength,70KG,145KG,140KG,,
3,Jessi,Kuhlman,Jessi Kuhlman,Female,,,https://ui-avatars.com/api/?name=J+K&color=FFFFFF&background=000000,ATHX INVITATIONAL MIAMI BEACH,United States 🇺🇸,2026,Female,ATHX Pro,Strength,68KG,115KG,155KG,,
4,Hannah,Hardy,Hannah Hardy,Female,,,https://ui-avatars.com/api/?name=H+H&color=FFFFFF&background=000000,ATHX INVITATIONAL MIAMI BEACH,United States 🇺🇸,2026,Female,ATHX Pro,Strength,60KG,123KG,153KG,,
5,natalie,OrtiZ,natalie OrtiZ,Female,,,https://ui-avatars.com/api/?name=n+O&color=FFFFFF&background=000000,ATHX INVITATIONAL MIAMI BEACH,United States 🇺🇸,2026,Female,ATHX Pro,Strength,65KG,115KG,150KG,,
5,Winter,Rodriguez,Winter Rodriguez,Female,,,https://ui-avatars.com/api/?name=W+R&color=FFFFFF&background=000000,ATHX INVITATIONAL MIAMI BEACH,United States 🇺🇸,2026,Female,ATHX Pro,Strength,65KG,115KG,150KG,,
7,Ella,Wilkinson,Ella Wilkinson,Female,,,https://ui-avatars.com/api/?name=E+W&color=FFFFFF&background=000000,ATHX INVITATIONAL MIAMI BEACH,United States 🇺🇸,2026,Female,ATHX Pro,Strength,60KG,120KG,140KG,,
8,Jacy,Kuhlman,Jacy Kuhlman,Female,,,https://athxgames.com/storage/profile-photos/KHkvZHypMjlQWzMzEq7U9djsO5TWOiF8PNqJ1OA0.jpg,ATHX INVITATIONAL MIAMI BEACH,United States 🇺🇸,2026,Female,ATHX Pro,Strength,45KG,115KG,145KG,,
9,Danielle,Brandon,Danielle Brandon,Female,,,https://ui-avatars.com/api/?name=D+B&color=FFFFFF&background=000000,ATHX INVITATIONAL MIAMI BEACH,United States 🇺🇸,2026,Female,ATHX Pro,Strength,55KG,110KG,130KG,,
10,Diane,Younes,Diane Younes,Female,,,https://ui-avatars.com/api/?name=D+Y&color=FFFFFF&background=000000,ATHX INVITATIONAL MIAMI BEACH,United States 🇺🇸,2026,Female,ATHX Pro,Strength,50KG,105KG,120KG,,
11,Justina,Mockute,Justina Mockute,Female,Lithuania,,https://ui-avatars.com/api/?name=J+M&color=FFFFFF&background=000000,ATHX INVITATIONAL MIAMI BEACH,United States 🇺🇸,2026,Female,ATHX Pro,Strength,48KG,90KG,133KG,,
12,Shereen,Taljebini,Shereen Taljebini,Female,,,https://ui-avatars.com/api/?name=S+T&color=FFFFFF&background=000000,ATHX INVITATIONAL MIAMI BEACH,United States 🇺🇸,2026,Female,ATHX Pro,Strength,50KG,110KG,110KG,,
13,Natalia,Castano,Natalia Castano,Female,,,https://ui-avatars.com/api/?name=N+C&color=FFFFFF&background=000000,ATHX INVITATIONAL MIAMI BEACH,United States 🇺🇸,2026,Female,ATHX Pro,Strength,48KG,90KG,125KG,,
14,Elizabeth,Gonzalez,Elizabeth Gonzalez,Female,United States,Crossfit Wynwood,https://ui-avatars.com/api/?name=E+G&color=FFFFFF&background=000000,ATHX INVITATIONAL MIAMI BEACH,United States 🇺🇸,2026,Female,ATHX Pro,Strength,37KG,98KG,125KG,,
14,sarah,guzman,sarah guzman,Female,,,https://ui-avatars.com/api/?name=s+g&color=FFFFFF&background=000000,ATHX INVITATIONAL MIAMI BEACH,United States 🇺🇸,2026,Female,ATHX Pro,Strength,40KG,120KG,100KG,,
16,Monique,London,Monique London,Female,,,https://ui-avatars.com/api/?name=M+L&color=FFFFFF&background=000000,ATHX INVITATIONAL MIAMI BEACH,United States 🇺🇸,2026,Female,ATHX Pro,Strength,40KG,90KG,110KG,,
17,Caitlin,Donahue,Caitlin Donahue,Female,,,https://ui-avatars.com/api/?name=C+D&color=FFFFFF&background=000000,ATHX INVITATIONAL MIAMI BEACH,United States 🇺🇸,2026,Female,ATHX Pro,Strength,38KG,80KG,120KG,,
18,Andrea,Hernandez,Andrea Hernandez,Female,,,https://ui-avatars.com/api/?name=A+H&color=FFFFFF&background=000000,ATHX INVITATIONAL MIAMI BEACH,United States 🇺🇸,2026,Female,ATHX Pro,Strength,33KG,100KG,100KG,,
19,Deb,Graff,Deb Graff,Female,,,https://ui-avatars.com/api/?name=D+G&color=FFFFFF&background=000000,ATHX INVITATIONAL MIAMI BEACH,United States 🇺🇸,2026,Female,ATHX Pro,Strength,40KG,80KG,110KG,,
20,Paris,Ammari,Paris Ammari,Female,,,https://ui-avatars.com/api/?name=P+A&color=FFFFFF&background=000000,ATHX INVITATIONAL MIAMI BEACH,United States 🇺🇸,2026,Female,ATHX Pro,Strength,28KG,80KG,100KG,,
21,Chloe,Foley,Chloe Foley,Female,,ShyftX at Replay,https://ui-avatars.com/api/?name=C+F&color=FFFFFF&background=000000,ATHX INVITATIONAL MIAMI BEACH,United States 🇺🇸,2026,Female,ATHX Pro,Strength,33KG,68KG,80KG,,
22,Kaya,Barker,Kaya Barker,Female,,,https://ui-avatars.com/api/?name=K+B&color=FFFFFF&background=000000,ATHX INVITATIONAL MIAMI BEACH,United States 🇺🇸,2026,Female,ATHX Pro,Strength,35KG,70KG,73KG,,
1,Nate,Scola,Nate Scola,Male,,,https://ui-avatars.com/api/?name=N+S&color=FFFFFF&background=000000,ATHX INVITATIONAL MIAMI BEACH,United States 🇺🇸,2026,Male,ATHX Pro,Strength,80KG,180KG,240KG,,
2,Jonne,Koski,Jonne Koski,Male,,,https://ui-avatars.com/api/?name=J+K&color=FFFFFF&background=000000,ATHX INVITATIONAL MIAMI BEACH,United States 🇺🇸,2026,Male,ATHX Pro,Strength,92KG,200KG,200KG,,
3,Nicolas,Fernandez,Nicolas Fernandez,Male,,,https://ui-avatars.com/api/?name=N+F&color=FFFFFF&background=000000,ATHX INVITATIONAL MIAMI BEACH,United States 🇺🇸,2026,Male,ATHX Pro,Strength,100KG,170KG,210KG,,
3,Esteban,Ospina,Esteban Ospina,Male,,,https://ui-avatars.com/api/?name=E+O&color=FFFFFF&background=000000,ATHX INVITATIONAL MIAMI BEACH,United States 🇺🇸,2026,Male,ATHX Pro,Strength,100KG,170KG,210KG,,
5,Alan,Garcia,Alan Garcia,Male,Mexico,Impetus Fitness,https://ui-avatars.com/api/?name=A+G&color=FFFFFF&background=000000,ATHX INVITATIONAL MIAMI BEACH,United States 🇺🇸,2026,Male,ATHX Pro,Strength,90KG,170KG,210KG,,
5,Ivan,Verdun,Ivan Verdun,Male,,,https://ui-avatars.com/api/?name=I+V&color=FFFFFF&background=000000,ATHX INVITATIONAL MIAMI BEACH,United States 🇺🇸,2026,Male,ATHX Pro,Strength,90KG,190KG,190KG,,
7,Christian,Espinal,Christian Espinal,Male,,,https://ui-avatars.com/api/?name=C+E&color=FFFFFF&background=000000,ATHX INVITATIONAL MIAMI BEACH,United States 🇺🇸,2026,Male,ATHX Pro,Strength,85KG,180KG,200KG,,
7,Max,Cantor,Max Cantor,Male,,,https://ui-avatars.com/api/?name=M+C&color=FFFFFF&background=000000,ATHX INVITATIONAL MIAMI BEACH,United States 🇺🇸,2026,Male,ATHX Pro,Strength,85KG,180KG,200KG,,
9,Troy,London,Troy London,Male,,,https://ui-avatars.com/api/?name=T+L&color=FFFFFF&background=000000,ATHX INVITATIONAL MIAMI BEACH,United States 🇺🇸,2026,Male,ATHX Pro,Strength,75KG,200KG,175KG,,
10,Sebastian,Dayoub,Sebastian Dayoub,Male,,,https://ui-avatars.com/api/?name=S+D&color=FFFFFF&background=000000,ATHX INVITATIONAL MIAMI BEACH,United States 🇺🇸,2026,Male,ATHX Pro,Strength,85KG,150KG,210KG,,
11,Gibran,Rodriguez,Gibran Rodriguez,Male,Mexico,CROSSFIT COMPLEX,https://athxgames.com/storage/profile-photos/qbB7IjSjzF7RTNIwTpKOvLXOVxoLhUQUABjCoO0z.jpg,ATHX INVITATIONAL MIAMI BEACH,United States 🇺🇸,2026,Male,ATHX Pro,Strength,95KG,150KG,190KG,,
12,David,Crespo,David Crespo,Male,,,https://ui-avatars.com/api/?name=D+C&color=FFFFFF&background=000000,ATHX INVITATIONAL MIAMI BEACH,United States 🇺🇸,2026,Male,ATHX Pro,Strength,75KG,160KG,190KG,,
13,Lucas,Bistoquet,Lucas Bistoquet,Male,,,https://ui-avatars.com/api/?name=L+B&color=FFFFFF&background=000000,ATHX INVITATIONAL MIAMI BEACH,United States 🇺🇸,2026,Male,ATHX Pro,Strength,75KG,153KG,193KG,,
14,Stephan,Mixter,Stephan Mixter,Male,,,https://ui-avatars.com/api/?name=S+M&color=FFFFFF&background=000000,ATHX INVITATIONAL MIAMI BEACH,United States 🇺🇸,2026,Male,ATHX Pro,Strength,90KG,160KG,160KG,,
15,Jalon,Colston,Jalon Colston,Male,,,https://ui-avatars.com/api/?name=J+C&color=FFFFFF&background=000000,ATHX INVITATIONAL MIAMI BEACH,United States 🇺🇸,2026,Male,ATHX Pro,Strength,70KG,150KG,180KG,,
16,Boris,San Martin,Boris San Martin,Male,,,https://ui-avatars.com/api/?name=B+S+M&color=FFFFFF&background=000000,ATHX INVITATIONAL MIAMI BEACH,United States 🇺🇸,2026,Male,ATHX Pro,Strength,80KG,130KG,160KG,,
16,David,Anderson,David Anderson,Male,,,https://athxgames.com/storage/profile-photos/RFtH3tVAN1Sa8PCaB6FbUf0jjVxkp1PkYlv0zMdb.jpg,ATHX INVITATIONAL MIAMI BEACH,United States 🇺🇸,2026,Male,ATHX Pro,Strength,80KG,130KG,160KG,,
16,Gregory,Donohoe,Gregory Donohoe,Male,,,https://ui-avatars.com/api/?name=G+D&color=FFFFFF&background=000000,ATHX INVITATIONAL MIAMI BEACH,United States 🇺🇸,2026,Male,ATHX Pro,Strength,80KG,130KG,160KG,,
16,Cooper,Marsh,Cooper Marsh,Male,,,https://ui-avatars.com/api/?name=C+M&color=FFFFFF&background=000000,ATHX INVITATIONAL MIAMI BEACH,United States 🇺🇸,2026,Male,ATHX Pro,Strength,80KG,110KG,180KG,,
20,Moe,Romero,Moe Romero,Male,,,https://ui-avatars.com/api/?name=M+R&color=FFFFFF&background=000000,ATHX INVITATIONAL MIAMI BEACH,United States 🇺🇸,2026,Male,ATHX Pro,Strength,65KG,130KG,160KG,,
21,Fady,Issa,Fady Issa,Male,,,https://ui-avatars.com/api/?name=F+I&color=FFFFFF&background=000000,ATHX INVITATIONAL MIAMI BEACH,United States 🇺🇸,2026,Male,ATHX Pro,Strength,75KG,105KG,150KG,,
22,Emmanuel,Newsome,Emmanuel Newsome,Male,,,https://ui-avatars.com/api/?name=E+N&color=FFFFFF&background=000000,ATHX INVITATIONAL MIAMI BEACH,United States 🇺🇸,2026,Male,ATHX Pro,Strength,60KG,120KG,110KG,,
1,Yeismilay,Arvelo,Yeismilay Arvelo,Female,,,https://ui-avatars.com/api/?name=Y+A&color=FFFFFF&background=000000,ATHX INVITATIONAL MIAMI BEACH,United States 🇺🇸,2026,Female,ATHX,Endurance,,,,2.205KM,2.992KM
2,Mariah,Monahan,Mariah Monahan,Female,,,https://ui-avatars.com/api/?name=M+M&color=FFFFFF&background=000000,ATHX INVITATIONAL MIAMI BEACH,United States 🇺🇸,2026,Female,ATHX,Endurance,,,,2.25KM,2.799KM
3,Megan,Dimka,Megan Dimka,Female,,,https://ui-avatars.com/api/?name=M+D&color=FFFFFF&background=000000,ATHX INVITATIONAL MIAMI BEACH,United States 🇺🇸,2026,Female,ATHX,Endurance,,,,2.25KM,2.774KM
4,Lorena,Di Bella,Lorena Di Bella,Female,,,https://ui-avatars.com/api/?name=L+D+B&color=FFFFFF&background=000000,ATHX INVITATIONAL MIAMI BEACH,United States 🇺🇸,2026,Female,ATHX,Endurance,,,,1.75KM,3.219KM
5,Angela,Moon,Angela Moon,Female,,,https://ui-avatars.com/api/?name=A+M&color=FFFFFF&background=000000,ATHX INVITATIONAL MIAMI BEACH,United States 🇺🇸,2026,Female,ATHX,Endurance,,,,2.25KM,2.54KM
6,Dayana,Perez,Dayana Perez,Female,,,https://ui-avatars.com/api/?name=D+P&color=FFFFFF&background=000000,ATHX INVITATIONAL MIAMI BEACH,United States 🇺🇸,2026,Female,ATHX,Endurance,,,,2.25KM,2.537KM
7,Meghan,Travis,Meghan Travis,Female,,,https://ui-avatars.com/api/?name=M+T&color=FFFFFF&background=000000,ATHX INVITATIONAL MIAMI BEACH,United States 🇺🇸,2026,Female,ATHX,Endurance,,,,1.696KM,2.94KM
8,WHITNEY,BAYLESS,WHITNEY BAYLESS,Female,,,https://ui-avatars.com/api/?name=W+B&color=FFFFFF&background=000000,ATHX INVITATIONAL MIAMI BEACH,United States 🇺🇸,2026,Female,ATHX,Endurance,,,,2.25KM,2.31KM
9,Kristie,Muller,Kristie Muller,Female,,,https://ui-avatars.com/api/?name=K+M&color=FFFFFF&background=000000,ATHX INVITATIONAL MIAMI BEACH,United States 🇺🇸,2026,Female,ATHX,Endurance,,,,2.25KM,2.284KM
10,Monica,Vega,Monica Vega,Female,,,https://ui-avatars.com/api/?name=M+V&color=FFFFFF&background=000000,ATHX INVITATIONAL MIAMI BEACH,United States 🇺🇸,2026,Female,ATHX,Endurance,,,,2.25KM,2.245KM
11,Caitlin,Onks,Caitlin Onks,Female,,,https://ui-avatars.com/api/?name=C+O&color=FFFFFF&background=000000,ATHX INVITATIONAL MIAMI BEACH,United States 🇺🇸,2026,Female,ATHX,Endurance,,,,1.75KM,2.671KM
12,Laura,Salazar,Laura Salazar,Female,,,https://ui-avatars.com/api/?name=L+S&color=FFFFFF&background=000000,ATHX INVITATIONAL MIAMI BEACH,United States 🇺🇸,2026,Female,ATHX,Endurance,,,,2.289KM,2.046KM
13,Samantha,Lacayo,Samantha Lacayo,Female,,,https://ui-avatars.com/api/?name=S+L&color=FFFFFF&background=000000,ATHX INVITATIONAL MIAMI BEACH,United States 🇺🇸,2026,Female,ATHX,Endurance,,,,2.012KM,2.305KM
14,Tamina,Sheikh,Tamina Sheikh,Female,,,https://ui-avatars.com/api/?name=T+S&color=FFFFFF&background=000000,ATHX INVITATIONAL MIAMI BEACH,United States 🇺🇸,2026,Female,ATHX,Endurance,,,,2.25KM,2.045KM
15,Maria Gabriela,Meyer,Maria Gabriela Meyer,Female,,,https://ui-avatars.com/api/?name=M+G+M&color=FFFFFF&background=000000,ATHX INVITATIONAL MIAMI BEACH,United States 🇺🇸,2026,Female,ATHX,Endurance,,,,2.25KM,2.01KM
16,Maria,Camila,Maria Camila,Female,,,https://ui-avatars.com/api/?name=M+C&color=FFFFFF&background=000000,ATHX INVITATIONAL MIAMI BEACH,United States 🇺🇸,2026,Female,ATHX,Endurance,,,,1.75KM,2.439KM
17,Taylor,Lane,Taylor Lane,Female,,,https://ui-avatars.com/api/?name=T+L&color=FFFFFF&background=000000,ATHX INVITATIONAL MIAMI BEACH,United States 🇺🇸,2026,Female,ATHX,Endurance,,,,2.25KM,1.93KM
18,Claressa,Peete,Claressa Peete,Female,,,https://ui-avatars.com/api/?name=C+P&color=FFFFFF&background=000000,ATHX INVITATIONAL MIAMI BEACH,United States 🇺🇸,2026,Female,ATHX,Endurance,,,,1.667KM,2.469KM
19,Sandra,Aboulhosn,Sandra Aboulhosn,Female,,,https://ui-avatars.com/api/?name=S+A&color=FFFFFF&background=000000,ATHX INVITATIONAL MIAMI BEACH,United States 🇺🇸,2026,Female,ATHX,Endurance,,,,1.5KM,2.63KM
20,Valeria,Jiménez,Valeria Jiménez,Female,,,https://ui-avatars.com/api/?name=V+J&color=FFFFFF&background=000000,ATHX INVITATIONAL MIAMI BEACH,United States 🇺🇸,2026,Female,ATHX,Endurance,,,,1.796KM,2.324KM
21,Tara,Philion,Tara Philion,Female,,,https://ui-avatars.com/api/?name=T+P&color=FFFFFF&background=000000,ATHX INVITATIONAL MIAMI BEACH,United States 🇺🇸,2026,Female,ATHX,Endurance,,,,2.25KM,1.851KM
22,Valentina,Nunez,Valentina Nunez,Female,,,https://ui-avatars.com/api/?name=V+N&color=FFFFFF&background=000000,ATHX INVITATIONAL MIAMI BEACH,United States 🇺🇸,2026,Female,ATHX,Endurance,,,,2.017KM,2.027KM
23,Andrea,Vergel,Andrea Vergel,Female,,,https://ui-avatars.com/api/?name=A+V&color=FFFFFF&background=000000,ATHX INVITATIONAL MIAMI BEACH,United States 🇺🇸,2026,Female,ATHX,Endurance,,,,1.936KM,2.089KM
24,Mackenzie,Pace,Mackenzie Pace,Female,,,https://ui-avatars.com/api/?name=M+P&color=FFFFFF&background=000000,ATHX INVITATIONAL MIAMI BEACH,United States 🇺🇸,2026,Female,ATHX,Endurance,,,,2.25KM,1.749KM
25,Sonia,Suarez alonso,Sonia Suarez alonso,Female,,,https://ui-avatars.com/api/?name=S+S+a&color=FFFFFF&background=000000,ATHX INVITATIONAL MIAMI BEACH,United States 🇺🇸,2026,Female,ATHX,Endurance,,,,1.998KM,1.984KM
26,Kimberly,Miller,Kimberly Miller,Female,,,https://ui-avatars.com/api/?name=K+M&color=FFFFFF&background=000000,ATHX INVITATIONAL MIAMI BEACH,United States 🇺🇸,2026,Female,ATHX,Endurance,,,,1.946KM,1.965KM
27,Sophia,Umphress,Sophia Umphress,Female,,,https://ui-avatars.com/api/?name=S+U&color=FFFFFF&background=000000,ATHX INVITATIONAL MIAMI BEACH,United States 🇺🇸,2026,Female,ATHX,Endurance,,,,1.5KM,2.377KM
28,Maria,Belfort,Maria Belfort,Female,,,https://ui-avatars.com/api/?name=M+B&color=FFFFFF&background=000000,ATHX INVITATIONAL MIAMI BEACH,United States 🇺🇸,2026,Female,ATHX,Endurance,,,,1.75KM,2.102KM
29,Abril,Altieri,Abril Altieri,Female,,,https://ui-avatars.com/api/?name=A+A&color=FFFFFF&background=000000,ATHX INVITATIONAL MIAMI BEACH,United States 🇺🇸,2026,Female,ATHX,Endurance,,,,1.998KM,1.805KM
30,Merissa,Carpenito,Merissa Carpenito,Female,,,https://ui-avatars.com/api/?name=M+C&color=FFFFFF&background=000000,ATHX INVITATIONAL MIAMI BEACH,United States 🇺🇸,2026,Female,ATHX,Endurance,,,,2.25KM,1.5KM
30,Ariana,Pacheco,Ariana Pacheco,Female,,,https://ui-avatars.com/api/?name=A+P&color=FFFFFF&background=000000,ATHX INVITATIONAL MIAMI BEACH,United States 🇺🇸,2026,Female,ATHX,Endurance,,,,2.25KM,1.5KM
30,Ariella,Jonas,Ariella Jonas,Female,,,https://ui-avatars.com/api/?name=A+J&color=FFFFFF&background=000000,ATHX INVITATIONAL MIAMI BEACH,United States 🇺🇸,2026,Female,ATHX,Endurance,,,,2.25KM,1.5KM
33,Linda,Taveras,Linda Taveras,Female,,,https://ui-avatars.com/api/?name=L+T&color=FFFFFF&background=000000,ATHX INVITATIONAL MIAMI BEACH,United States 🇺🇸,2026,Female,ATHX,Endurance,,,,1.5KM,2.222KM
34,Laura,Dias,Laura Dias,Female,,,https://ui-avatars.com/api/?name=L+D&color=FFFFFF&background=000000,ATHX INVITATIONAL MIAMI BEACH,United States 🇺🇸,2026,Female,ATHX,Endurance,,,,2.072KM,1.5KM
35,Kimberly,Sawyer,Kimberly Sawyer,Female,,,https://ui-avatars.com/api/?name=K+S&color=FFFFFF&background=000000,ATHX INVITATIONAL MIAMI BEACH,United States 🇺🇸,2026,Female,ATHX,Endurance,,,,1.5KM,2.023KM
36,Daniela,Barbieri,Daniela Barbieri,Female,,,https://ui-avatars.com/api/?name=D+B&color=FFFFFF&background=000000,ATHX INVITATIONAL MIAMI BEACH,United States 🇺🇸,2026,Female,ATHX,Endurance,,,,1.5KM,1.912KM
37,Veronika,Toussaint,Veronika Toussaint,Female,,,https://ui-avatars.com/api/?name=V+T&color=FFFFFF&background=000000,ATHX INVITATIONAL MIAMI BEACH,United States 🇺🇸,2026,Female,ATHX,Endurance,,,,1.46KM,1.714KM
38,Cassandra,Bosley,Cassandra Bosley,Female,,,https://ui-avatars.com/api/?name=C+B&color=FFFFFF&background=000000,ATHX INVITATIONAL MIAMI BEACH,United States 🇺🇸,2026,Female,ATHX,Endurance,,,,1.669KM,1.43KM
1,Danny,Tuckerman,Danny Tuckerman,Male,,,https://ui-avatars.com/api/?name=D+T&color=FFFFFF&background=000000,ATHX INVITATIONAL MIAMI BEACH,United States 🇺🇸,2026,Male,ATHX,Endurance,,,,2.25KM,3.494KM
2,Alejandro,Guerrero,Alejandro Guerrero,Male,,,https://ui-avatars.com/api/?name=A+G&color=FFFFFF&background=000000,ATHX INVITATIONAL MIAMI BEACH,United States 🇺🇸,2026,Male,ATHX,Endurance,,,,2.288KM,3.379KM
3,Kevin,Koester,Kevin Koester,Male,,,https://ui-avatars.com/api/?name=K+K&color=FFFFFF&background=000000,ATHX INVITATIONAL MIAMI BEACH,United States 🇺🇸,2026,Male,ATHX,Endurance,,,,2.25KM,3.162KM
4,Kevin,Piedrahita,Kevin Piedrahita,Male,,,https://ui-avatars.com/api/?name=K+P&color=FFFFFF&background=000000,ATHX INVITATIONAL MIAMI BEACH,United States 🇺🇸,2026,Male,ATHX,Endurance,,,,2.25KM,3.092KM
5,Guillermo,Pons,Guillermo Pons,Male,,,https://ui-avatars.com/api/?name=G+P&color=FFFFFF&background=000000,ATHX INVITATIONAL MIAMI BEACH,United States 🇺🇸,2026,Male,ATHX,Endurance,,,,2.25KM,2.968KM
6,Jose,Manjarres,Jose Manjarres,Male,,,https://ui-avatars.com/api/?name=J+M&color=FFFFFF&background=000000,ATHX INVITATIONAL MIAMI BEACH,United States 🇺🇸,2026,Male,ATHX,Endurance,,,,2.25KM,2.802KM
7,Bryan,Stewart,Bryan Stewart,Male,,,https://ui-avatars.com/api/?name=B+S&color=FFFFFF&background=000000,ATHX INVITATIONAL MIAMI BEACH,United States 🇺🇸,2026,Male,ATHX,Endurance,,,,2.014KM,3.025KM
8,Anthony,Rice,Anthony Rice,Male,,,https://ui-avatars.com/api/?name=A+R&color=FFFFFF&background=000000,ATHX INVITATIONAL MIAMI BEACH,United States 🇺🇸,2026,Male,ATHX,Endurance,,,,2.25KM,2.788KM
9,Armando,Rey,Armando Rey,Male,,,https://ui-avatars.com/api/?name=A+R&color=FFFFFF&background=000000,ATHX INVITATIONAL MIAMI BEACH,United States 🇺🇸,2026,Male,ATHX,Endurance,,,,2.25KM,2.785KM
10,Simon,Bratke,Simon Bratke,Male,Germany,,https://ui-avatars.com/api/?name=S+B&color=FFFFFF&background=000000,ATHX INVITATIONAL MIAMI BEACH,United States 🇺🇸,2026,Male,ATHX,Endurance,,,,2.25KM,2.749KM
11,Justin,Tapper,Justin Tapper,Male,,,https://ui-avatars.com/api/?name=J+T&color=FFFFFF&background=000000,ATHX INVITATIONAL MIAMI BEACH,United States 🇺🇸,2026,Male,ATHX,Endurance,,,,2.25KM,2.693KM
12,Simon,Serna,Simon Serna,Male,,,https://athxgames.com/storage/profile-photos/S1bnSoD2LsB0FdReu4J7bzhK7PMgmOlbf8Ky0N8U.png,ATHX INVITATIONAL MIAMI BEACH,United States 🇺🇸,2026,Male,ATHX,Endurance,,,,2.25KM,2.644KM
13,Delano,Pinheiro,Delano Pinheiro,Male,,,https://ui-avatars.com/api/?name=D+P&color=FFFFFF&background=000000,ATHX INVITATIONAL MIAMI BEACH,United States 🇺🇸,2026,Male,ATHX,Endurance,,,,2.25KM,2.572KM
14,Zachary,Grimsdale,Zachary Grimsdale,Male,,,https://ui-avatars.com/api/?name=Z+G&color=FFFFFF&background=000000,ATHX INVITATIONAL MIAMI BEACH,United States 🇺🇸,2026,Male,ATHX,Endurance,,,,2.25KM,2.542KM
15,Marco,Maraschin,Marco Maraschin,Male,,,https://ui-avatars.com/api/?name=M+M&color=FFFFFF&background=000000,ATHX INVITATIONAL MIAMI BEACH,United States 🇺🇸,2026,Male,ATHX,Endurance,,,,2.25KM,2.526KM
16,Lauri,de Freitas,Lauri de Freitas,Male,Germany,,https://athxgames.com/storage/profile-photos/B0mdy7DR7skinawEvARDxcTRkYTN1arHG0HP40Ar.jpg,ATHX INVITATIONAL MIAMI BEACH,United States 🇺🇸,2026,Male,ATHX,Endurance,,,,1.855KM,2.861KM
17,Garrett,Lynn,Garrett Lynn,Male,,,https://ui-avatars.com/api/?name=G+L&color=FFFFFF&background=000000,ATHX INVITATIONAL MIAMI BEACH,United States 🇺🇸,2026,Male,ATHX,Endurance,,,,2KM,2.695KM
18,Yosiel,Piloto,Yosiel Piloto,Male,,,https://ui-avatars.com/api/?name=Y+P&color=FFFFFF&background=000000,ATHX INVITATIONAL MIAMI BEACH,United States 🇺🇸,2026,Male,ATHX,Endurance,,,,1.5KM,3.189KM
19,Leandro,Ferrari,Leandro Ferrari,Male,,,https://athxgames.com/storage/profile-photos/C1iXdjnQB9fpETUx5p1WFsioSYEfkyITSj2XfDX6.jpg,ATHX INVITATIONAL MIAMI BEACH,United States 🇺🇸,2026,Male,ATHX,Endurance,,,,1.87KM,2.816KM
20,Juan m,Galvis,Juan m Galvis,Male,,,https://ui-avatars.com/api/?name=J+m+G&color=FFFFFF&background=000000,ATHX INVITATIONAL MIAMI BEACH,United States 🇺🇸,2026,Male,ATHX,Endurance,,,,2.25KM,2.434KM
21,Michael,Oyarzun,Michael Oyarzun,Male,,,https://ui-avatars.com/api/?name=M+O&color=FFFFFF&background=000000,ATHX INVITATIONAL MIAMI BEACH,United States 🇺🇸,2026,Male,ATHX,Endurance,,,,2.25KM,2.399KM
22,Gabriel,Gonzalez,Gabriel Gonzalez,Male,,he1ghtrequirement,https://ui-avatars.com/api/?name=G+G&color=FFFFFF&background=000000,ATHX INVITATIONAL MIAMI BEACH,United States 🇺🇸,2026,Male,ATHX,Endurance,,,,2.316KM,2.32KM
23,Alejandro,Alba,Alejandro Alba,Male,,,https://ui-avatars.com/api/?name=A+A&color=FFFFFF&background=000000,ATHX INVITATIONAL MIAMI BEACH,United States 🇺🇸,2026,Male,ATHX,Endurance,,,,1.865KM,2.769KM
24,Nathan,Cruz,Nathan Cruz,Male,,,https://ui-avatars.com/api/?name=N+C&color=FFFFFF&background=000000,ATHX INVITATIONAL MIAMI BEACH,United States 🇺🇸,2026,Male,ATHX,Endurance,,,,2.25KM,2.363KM
25,Edgar,Guerrero,Edgar Guerrero,Male,,,https://ui-avatars.com/api/?name=E+G&color=FFFFFF&background=000000,ATHX INVITATIONAL MIAMI BEACH,United States 🇺🇸,2026,Male,ATHX,Endurance,,,,2.085KM,2.486KM
25,Joe,Farley,Joe Farley,Male,,,https://ui-avatars.com/api/?name=J+F&color=FFFFFF&background=000000,ATHX INVITATIONAL MIAMI BEACH,United States 🇺🇸,2026,Male,ATHX,Endurance,,,,2.25KM,2.321KM
27,Juan,Campos,Juan Campos,Male,Costa Rica,Centuria Fitness,https://ui-avatars.com/api/?name=J+C&color=FFFFFF&background=000000,ATHX INVITATIONAL MIAMI BEACH,United States 🇺🇸,2026,Male,ATHX,Endurance,,,,1.525KM,3.025KM
28,Corbin,Mims,Corbin Mims,Male,,,https://athxgames.com/storage/profile-photos/i2M1mbRTayVabKeRTZ3WPLlwfUo3P5OE0fO0lBXC.jpg,ATHX INVITATIONAL MIAMI BEACH,United States 🇺🇸,2026,Male,ATHX,Endurance,,,,2.146KM,2.376KM
29,William,Loheide,William Loheide,Male,,,https://ui-avatars.com/api/?name=W+L&color=FFFFFF&background=000000,ATHX INVITATIONAL MIAMI BEACH,United States 🇺🇸,2026,Male,ATHX,Endurance,,,,1.5KM,3.014KM
30,Kenny,Santucci,Kenny Santucci,Male,,,https://ui-avatars.com/api/?name=K+S&color=FFFFFF&background=000000,ATHX INVITATIONAL MIAMI BEACH,United States 🇺🇸,2026,Male,ATHX,Endurance,,,,2.033KM,2.479KM
31,Giorgio,Rapicavoli,Giorgio Rapicavoli,Male,,,https://ui-avatars.com/api/?name=G+R&color=FFFFFF&background=000000,ATHX INVITATIONAL MIAMI BEACH,United States 🇺🇸,2026,Male,ATHX,Endurance,,,,1.889KM,2.604KM
32,Ani,Pendurthi,Ani Pendurthi,Male,,,https://ui-avatars.com/api/?name=A+P&color=FFFFFF&background=000000,ATHX INVITATIONAL MIAMI BEACH,United States 🇺🇸,2026,Male,ATHX,Endurance,,,,1.886KM,2.592KM
33,Carlos,Orozco,Carlos Orozco,Male,,,https://ui-avatars.com/api/?name=C+O&color=FFFFFF&background=000000,ATHX INVITATIONAL MIAMI BEACH,United States 🇺🇸,2026,Male,ATHX,Endurance,,,,2.056KM,2.415KM
34,Alonso,Chaupis,Alonso Chaupis,Male,Peru,,https://ui-avatars.com/api/?name=A+C&color=FFFFFF&background=000000,ATHX INVITATIONAL MIAMI BEACH,United States 🇺🇸,2026,Male,ATHX,Endurance,,,,2.25KM,2.204KM
35,Fede,Sandoval,Fede Sandoval,Male,,,https://ui-avatars.com/api/?name=F+S&color=FFFFFF&background=000000,ATHX INVITATIONAL MIAMI BEACH,United States 🇺🇸,2026,Male,ATHX,Endurance,,,,2.5KM,1.929KM
36,Sean,Velas,Sean Velas,Male,,,https://ui-avatars.com/api/?name=S+V&color=FFFFFF&background=000000,ATHX INVITATIONAL MIAMI BEACH,United States 🇺🇸,2026,Male,ATHX,Endurance,,,,1.715KM,2.695KM
37,Levi,Cox,Levi Cox,Male,,,https://ui-avatars.com/api/?name=L+C&color=FFFFFF&background=000000,ATHX INVITATIONAL MIAMI BEACH,United States 🇺🇸,2026,Male,ATHX,Endurance,,,,2.25KM,2.137KM
38,AJ,Martinez,AJ Martinez,Male,,,https://ui-avatars.com/api/?name=A+M&color=FFFFFF&background=000000,ATHX INVITATIONAL MIAMI BEACH,United States 🇺🇸,2026,Male,ATHX,Endurance,,,,2.25KM,2.1KM
39,Allan,Ajoy,Allan Ajoy,Male,,,https://ui-avatars.com/api/?name=A+A&color=FFFFFF&background=000000,ATHX INVITATIONAL MIAMI BEACH,United States 🇺🇸,2026,Male,ATHX,Endurance,,,,1.851KM,2.402KM
40,Bryan,Quintanilla,Bryan Quintanilla,Male,,,https://ui-avatars.com/api/?name=B+Q&color=FFFFFF&background=000000,ATHX INVITATIONAL MIAMI BEACH,United States 🇺🇸,2026,Male,ATHX,Endurance,,,,2.25KM,1.885KM
41,Eduardo,Caucho,Eduardo Caucho,Male,,,https://ui-avatars.com/api/?name=E+C&color=FFFFFF&background=000000,ATHX INVITATIONAL MIAMI BEACH,United States 🇺🇸,2026,Male,ATHX,Endurance,,,,1.798KM,2.336KM
42,Jesus,Caicedo amador,Jesus Caicedo amador,Male,,,https://ui-avatars.com/api/?name=J+C+a&color=FFFFFF&background=000000,ATHX INVITATIONAL MIAMI BEACH,United States 🇺🇸,2026,Male,ATHX,Endurance,,,,2.25KM,1.766KM
43,Patrick,Sprague,Patrick Sprague,Male,,,https://ui-avatars.com/api/?name=P+S&color=FFFFFF&background=000000,ATHX INVITATIONAL MIAMI BEACH,United States 🇺🇸,2026,Male,ATHX,Endurance,,,,1.62KM,2.362KM
44,Leandro,Boucourt,Leandro Boucourt,Male,,,https://ui-avatars.com/api/?name=L+B&color=FFFFFF&background=000000,ATHX INVITATIONAL MIAMI BEACH,United States 🇺🇸,2026,Male,ATHX,Endurance,,,,1.75KM,2.231KM
45,Gustavo,Lima,Gustavo Lima,Male,,,https://ui-avatars.com/api/?name=G+L&color=FFFFFF&background=000000,ATHX INVITATIONAL MIAMI BEACH,United States 🇺🇸,2026,Male,ATHX,Endurance,,,,1.5KM,2.477KM
46,Eddy,Rivero,Eddy Rivero,Male,,,https://ui-avatars.com/api/?name=E+R&color=FFFFFF&background=000000,ATHX INVITATIONAL MIAMI BEACH,United States 🇺🇸,2026,Male,ATHX,Endurance,,,,1.846KM,2.129KM
47,Marcelo,Martinez,Marcelo Martinez,Male,,,https://ui-avatars.com/api/?name=M+M&color=FFFFFF&background=000000,ATHX INVITATIONAL MIAMI BEACH,United States 🇺🇸,2026,Male,ATHX,Endurance,,,,2.062KM,1.91KM
48,Pedro,Leyva,Pedro Leyva,Male,Cuba,,https://athxgames.com/storage/profile-photos/6JKU4yoNqCcA8ZSIi9PR8AXh68t2H7cvQXLSFMNT.jpg,ATHX INVITATIONAL MIAMI BEACH,United States 🇺🇸,2026,Male,ATHX,Endurance,,,,2.075KM,1.851KM
49,Josh,Vasquez,Josh Vasquez,Male,United States,Crossfit Miami Beach,https://ui-avatars.com/api/?name=J+V&color=FFFFFF&background=000000,ATHX INVITATIONAL MIAMI BEACH,United States 🇺🇸,2026,Male,ATHX,Endurance,,,,1.5KM,2.408KM
50,Christopher,Peete,Christopher Peete,Male,,,https://ui-avatars.com/api/?name=C+P&color=FFFFFF&background=000000,ATHX INVITATIONAL MIAMI BEACH,United States 🇺🇸,2026,Male,ATHX,Endurance,,,,1.5KM,2.307KM
51,Sean,schieppati,Sean schieppati,Male,,,https://ui-avatars.com/api/?name=S+s&color=FFFFFF&background=000000,ATHX INVITATIONAL MIAMI BEACH,United States 🇺🇸,2026,Male,ATHX,Endurance,,,,1.5KM,2.228KM
52,Jorge,Fernandez,Jorge Fernandez,Male,,,https://ui-avatars.com/api/?name=J+F&color=FFFFFF&background=000000,ATHX INVITATIONAL MIAMI BEACH,United States 🇺🇸,2026,Male,ATHX,Endurance,,,,1.5KM,2.198KM
53,Joao,Monteiro,Joao Monteiro,Male,,,https://ui-avatars.com/api/?name=J+M&color=FFFFFF&background=000000,ATHX INVITATIONAL MIAMI BEACH,United States 🇺🇸,2026,Male,ATHX,Endurance,,,,2KM,1.69KM
54,Andres,Konowalskyj,Andres Konowalskyj,Male,,,https://ui-avatars.com/api/?name=A+K&color=FFFFFF&background=000000,ATHX INVITATIONAL MIAMI BEACH,United States 🇺🇸,2026,Male,ATHX,Endurance,,,,1.5KM,1.904KM
55,Christopher,Dorazio,Christopher Dorazio,Male,,,https://ui-avatars.com/api/?name=C+D&color=FFFFFF&background=000000,ATHX INVITATIONAL MIAMI BEACH,United States 🇺🇸,2026,Male,ATHX,Endurance,,,,1.75KM,1.5KM
56,Ali,Faison,Ali Faison,Male,,,https://ui-avatars.com/api/?name=A+F&color=FFFFFF&background=000000,ATHX INVITATIONAL MIAMI BEACH,United States 🇺🇸,2026,Male,ATHX,Endurance,,,,1.5KM,1.749KM
1,Ariana,Pacheco,Ariana Pacheco,Female,,,https://ui-avatars.com/api/?name=A+P&color=FFFFFF&background=000000,ATHX INVITATIONAL MIAMI BEACH,United States 🇺🇸,2026,Female,ATHX,Strength,75KG,140KG,155KG,,
2,Lorena,Di Bella,Lorena Di Bella,Female,,,https://ui-avatars.com/api/?name=L+D+B&color=FFFFFF&background=000000,ATHX INVITATIONAL MIAMI BEACH,United States 🇺🇸,2026,Female,ATHX,Strength,55KG,120KG,170KG,,
3,Maria,Camila,Maria Camila,Female,,,https://ui-avatars.com/api/?name=M+C&color=FFFFFF&background=000000,ATHX INVITATIONAL MIAMI BEACH,United States 🇺🇸,2026,Female,ATHX,Strength,80KG,115KG,140KG,,
4,Abril,Altieri,Abril Altieri,Female,,,https://ui-avatars.com/api/?name=A+A&color=FFFFFF&background=000000,ATHX INVITATIONAL MIAMI BEACH,United States 🇺🇸,2026,Female,ATHX,Strength,50KG,120KG,160KG,,
5,Kimberly,Miller,Kimberly Miller,Female,,,https://ui-avatars.com/api/?name=K+M&color=FFFFFF&background=000000,ATHX INVITATIONAL MIAMI BEACH,United States 🇺🇸,2026,Female,ATHX,Strength,45KG,120KG,133KG,,
6,Angela,Moon,Angela Moon,Female,,,https://ui-avatars.com/api/?name=A+M&color=FFFFFF&background=000000,ATHX INVITATIONAL MIAMI BEACH,United States 🇺🇸,2026,Female,ATHX,Strength,50KG,110KG,130KG,,
7,Meghan,Travis,Meghan Travis,Female,,,https://ui-avatars.com/api/?name=M+T&color=FFFFFF&background=000000,ATHX INVITATIONAL MIAMI BEACH,United States 🇺🇸,2026,Female,ATHX,Strength,35KG,100KG,120KG,,
8,Claressa,Peete,Claressa Peete,Female,,,https://ui-avatars.com/api/?name=C+P&color=FFFFFF&background=000000,ATHX INVITATIONAL MIAMI BEACH,United States 🇺🇸,2026,Female,ATHX,Strength,50KG,90KG,110KG,,
8,Sonia,Suarez alonso,Sonia Suarez alonso,Female,,,https://ui-avatars.com/api/?name=S+S+a&color=FFFFFF&background=000000,ATHX INVITATIONAL MIAMI BEACH,United States 🇺🇸,2026,Female,ATHX,Strength,30KG,110KG,110KG,,
10,WHITNEY,BAYLESS,WHITNEY BAYLESS,Female,,,https://ui-avatars.com/api/?name=W+B&color=FFFFFF&background=000000,ATHX INVITATIONAL MIAMI BEACH,United States 🇺🇸,2026,Female,ATHX,Strength,43KG,95KG,110KG,,
10,Valentina,Nunez,Valentina Nunez,Female,,,https://ui-avatars.com/api/?name=V+N&color=FFFFFF&background=000000,ATHX INVITATIONAL MIAMI BEACH,United States 🇺🇸,2026,Female,ATHX,Strength,45KG,93KG,110KG,,
10,Caitlin,Onks,Caitlin Onks,Female,,,https://ui-avatars.com/api/?name=C+O&color=FFFFFF&background=000000,ATHX INVITATIONAL MIAMI BEACH,United States 🇺🇸,2026,Female,ATHX,Strength,40KG,83KG,125KG,,
13,Monica,Vega,Monica Vega,Female,,,https://ui-avatars.com/api/?name=M+V&color=FFFFFF&background=000000,ATHX INVITATIONAL MIAMI BEACH,United States 🇺🇸,2026,Female,ATHX,Strength,45KG,100KG,100KG,,
13,Dayana,Perez,Dayana Perez,Female,,,https://ui-avatars.com/api/?name=D+P&color=FFFFFF&background=000000,ATHX INVITATIONAL MIAMI BEACH,United States 🇺🇸,2026,Female,ATHX,Strength,40KG,80KG,125KG,,
15,Sophia,Umphress,Sophia Umphress,Female,,,https://ui-avatars.com/api/?name=S+U&color=FFFFFF&background=000000,ATHX INVITATIONAL MIAMI BEACH,United States 🇺🇸,2026,Female,ATHX,Strength,50KG,80KG,100KG,,
15,Laura,Dias,Laura Dias,Female,,,https://ui-avatars.com/api/?name=L+D&color=FFFFFF&background=000000,ATHX INVITATIONAL MIAMI BEACH,United States 🇺🇸,2026,Female,ATHX,Strength,40KG,90KG,100KG,,
17,Sandra,Aboulhosn,Sandra Aboulhosn,Female,,,https://ui-avatars.com/api/?name=S+A&color=FFFFFF&background=000000,ATHX INVITATIONAL MIAMI BEACH,United States 🇺🇸,2026,Female,ATHX,Strength,38KG,90KG,100KG,,
18,Taylor,Lane,Taylor Lane,Female,,,https://ui-avatars.com/api/?name=T+L&color=FFFFFF&background=000000,ATHX INVITATIONAL MIAMI BEACH,United States 🇺🇸,2026,Female,ATHX,Strength,33KG,80KG,110KG,,
19,Mackenzie,Pace,Mackenzie Pace,Female,,,https://ui-avatars.com/api/?name=M+P&color=FFFFFF&background=000000,ATHX INVITATIONAL MIAMI BEACH,United States 🇺🇸,2026,Female,ATHX,Strength,35KG,83KG,95KG,,
20,Kristie,Muller,Kristie Muller,Female,,,https://ui-avatars.com/api/?name=K+M&color=FFFFFF&background=000000,ATHX INVITATIONAL MIAMI BEACH,United States 🇺🇸,2026,Female,ATHX,Strength,40KG,75KG,95KG,,
20,Ariella,Jonas,Ariella Jonas,Female,,,https://ui-avatars.com/api/?name=A+J&color=FFFFFF&background=000000,ATHX INVITATIONAL MIAMI BEACH,United States 🇺🇸,2026,Female,ATHX,Strength,35KG,75KG,100KG,,
20,Linda,Taveras,Linda Taveras,Female,,,https://ui-avatars.com/api/?name=L+T&color=FFFFFF&background=000000,ATHX INVITATIONAL MIAMI BEACH,United States 🇺🇸,2026,Female,ATHX,Strength,30KG,70KG,110KG,,
23,Merissa,Carpenito,Merissa Carpenito,Female,,,https://ui-avatars.com/api/?name=M+C&color=FFFFFF&background=000000,ATHX INVITATIONAL MIAMI BEACH,United States 🇺🇸,2026,Female,ATHX,Strength,40KG,80KG,85KG,,
23,Daniela,Barbieri,Daniela Barbieri,Female,,,https://ui-avatars.com/api/?name=D+B&color=FFFFFF&background=000000,ATHX INVITATIONAL MIAMI BEACH,United States 🇺🇸,2026,Female,ATHX,Strength,35KG,80KG,90KG,,
25,Maria Gabriela,Meyer,Maria Gabriela Meyer,Female,,,https://ui-avatars.com/api/?name=M+G+M&color=FFFFFF&background=000000,ATHX INVITATIONAL MIAMI BEACH,United States 🇺🇸,2026,Female,ATHX,Strength,40KG,70KG,83KG,,
26,Samantha,Lacayo,Samantha Lacayo,Female,,,https://ui-avatars.com/api/?name=S+L&color=FFFFFF&background=000000,ATHX INVITATIONAL MIAMI BEACH,United States 🇺🇸,2026,Female,ATHX,Strength,40KG,70KG,80KG,,
26,Kimberly,Sawyer,Kimberly Sawyer,Female,,,https://ui-avatars.com/api/?name=K+S&color=FFFFFF&background=000000,ATHX INVITATIONAL MIAMI BEACH,United States 🇺🇸,2026,Female,ATHX,Strength,40KG,70KG,80KG,,
28,Valeria,Jiménez,Valeria Jiménez,Female,,,https://ui-avatars.com/api/?name=V+J&color=FFFFFF&background=000000,ATHX INVITATIONAL MIAMI BEACH,United States 🇺🇸,2026,Female,ATHX,Strength,43KG,58KG,85KG,,
29,Tara,Philion,Tara Philion,Female,,,https://ui-avatars.com/api/?name=T+P&color=FFFFFF&background=000000,ATHX INVITATIONAL MIAMI BEACH,United States 🇺🇸,2026,Female,ATHX,Strength,43KG,70KG,70KG,,
30,sevgi,Tscherven,sevgi Tscherven,Female,,,https://ui-avatars.com/api/?name=s+T&color=FFFFFF&background=000000,ATHX INVITATIONAL MIAMI BEACH,United States 🇺🇸,2026,Female,ATHX,Strength,30KG,65KG,80KG,,
31,Cassandra,Bosley,Cassandra Bosley,Female,,,https://ui-avatars.com/api/?name=C+B&color=FFFFFF&background=000000,ATHX INVITATIONAL MIAMI BEACH,United States 🇺🇸,2026,Female,ATHX,Strength,40KG,55KG,74KG,,
32,Laura,Salazar,Laura Salazar,Female,,,https://ui-avatars.com/api/?name=L+S&color=FFFFFF&background=000000,ATHX INVITATIONAL MIAMI BEACH,United States 🇺🇸,2026,Female,ATHX,Strength,30KG,63KG,73KG,,
33,Megan,Dimka,Megan Dimka,Female,,,https://ui-avatars.com/api/?name=M+D&color=FFFFFF&background=000000,ATHX INVITATIONAL MIAMI BEACH,United States 🇺🇸,2026,Female,ATHX,Strength,40KG,50KG,70KG,,
34,Tamina,Sheikh,Tamina Sheikh,Female,,,https://ui-avatars.com/api/?name=T+S&color=FFFFFF&background=000000,ATHX INVITATIONAL MIAMI BEACH,United States 🇺🇸,2026,Female,ATHX,Strength,30KG,40KG,80KG,,
35,Andrea,Vergel,Andrea Vergel,Female,,,https://ui-avatars.com/api/?name=A+V&color=FFFFFF&background=000000,ATHX INVITATIONAL MIAMI BEACH,United States 🇺🇸,2026,Female,ATHX,Strength,25KG,70KG,40KG,,
36,Maria,Belfort,Maria Belfort,Female,,,https://ui-avatars.com/api/?name=M+B&color=FFFFFF&background=000000,ATHX INVITATIONAL MIAMI BEACH,United States 🇺🇸,2026,Female,ATHX,Strength,40KG,30KG,60KG,,
37,Mariah,Monahan,Mariah Monahan,Female,,,https://ui-avatars.com/api/?name=M+M&color=FFFFFF&background=000000,ATHX INVITATIONAL MIAMI BEACH,United States 🇺🇸,2026,Female,ATHX,Strength,32KG,40KG,50KG,,
38,Veronika,Toussaint,Veronika Toussaint,Female,,,https://ui-avatars.com/api/?name=V+T&color=FFFFFF&background=000000,ATHX INVITATIONAL MIAMI BEACH,United States 🇺🇸,2026,Female,ATHX,Strength,20KG,35KG,45KG,,
39,alexa,kislauskis,alexa kislauskis,Female,,,https://ui-avatars.com/api/?name=a+k&color=FFFFFF&background=000000,ATHX INVITATIONAL MIAMI BEACH,United States 🇺🇸,2026,Female,ATHX,Strength,15KG,25KG,1KG,,
1,Hannah,Hardy,Hannah Hardy,Female,,,https://ui-avatars.com/api/?name=H+H&color=FFFFFF&background=000000,ATHX INVITATIONAL MIAMI BEACH,United States 🇺🇸,2026,Female,ATHX Pro,Endurance,,,,2KM,3.367KM
2,Danielle,Brandon,Danielle Brandon,Female,,,https://ui-avatars.com/api/?name=D+B&color=FFFFFF&background=000000,ATHX INVITATIONAL MIAMI BEACH,United States 🇺🇸,2026,Female,ATHX Pro,Endurance,,,,3KM,2.21KM
3,Ella,Wilkinson,Ella Wilkinson,Female,,,https://ui-avatars.com/api/?name=E+W&color=FFFFFF&background=000000,ATHX INVITATIONAL MIAMI BEACH,United States 🇺🇸,2026,Female,ATHX Pro,Endurance,,,,3KM,2.122KM
4,Andrea,Hernandez,Andrea Hernandez,Female,,,https://ui-avatars.com/api/?name=A+H&color=FFFFFF&background=000000,ATHX INVITATIONAL MIAMI BEACH,United States 🇺🇸,2026,Female,ATHX Pro,Endurance,,,,2.25KM,2.824KM
5,Jessi,Kuhlman,Jessi Kuhlman,Female,,,https://ui-avatars.com/api/?name=J+K&color=FFFFFF&background=000000,ATHX INVITATIONAL MIAMI BEACH,United States 🇺🇸,2026,Female,ATHX Pro,Endurance,,,,2KM,2.977KM
6,Diane,Younes,Diane Younes,Female,,,https://ui-avatars.com/api/?name=D+Y&color=FFFFFF&background=000000,ATHX INVITATIONAL MIAMI BEACH,United States 🇺🇸,2026,Female,ATHX Pro,Endurance,,,,2KM,2.916KM
7,natalie,OrtiZ,natalie OrtiZ,Female,,,https://ui-avatars.com/api/?name=n+O&color=FFFFFF&background=000000,ATHX INVITATIONAL MIAMI BEACH,United States 🇺🇸,2026,Female,ATHX Pro,Endurance,,,,2KM,2.915KM
8,Anikha,Greer,Anikha Greer,Female,,,https://ui-avatars.com/api/?name=A+G&color=FFFFFF&background=000000,ATHX INVITATIONAL MIAMI BEACH,United States 🇺🇸,2026,Female,ATHX Pro,Endurance,,,,2KM,2.903KM
9,Winter,Rodriguez,Winter Rodriguez,Female,,,https://ui-avatars.com/api/?name=W+R&color=FFFFFF&background=000000,ATHX INVITATIONAL MIAMI BEACH,United States 🇺🇸,2026,Female,ATHX Pro,Endurance,,,,2.464KM,2.348KM
10,Elizabeth,Gonzalez,Elizabeth Gonzalez,Female,United States,Crossfit Wynwood,https://ui-avatars.com/api/?name=E+G&color=FFFFFF&background=000000,ATHX INVITATIONAL MIAMI BEACH,United States 🇺🇸,2026,Female,ATHX Pro,Endurance,,,,1.297KM,3.467KM
11,Shereen,Taljebini,Shereen Taljebini,Female,,,https://ui-avatars.com/api/?name=S+T&color=FFFFFF&background=000000,ATHX INVITATIONAL MIAMI BEACH,United States 🇺🇸,2026,Female,ATHX Pro,Endurance,,,,2.339KM,2.155KM
12,Kaya,Barker,Kaya Barker,Female,,,https://ui-avatars.com/api/?name=K+B&color=FFFFFF&background=000000,ATHX INVITATIONAL MIAMI BEACH,United States 🇺🇸,2026,Female,ATHX Pro,Endurance,,,,2KM,2.398KM
13,Sydney,Witter,Sydney Witter,Female,,,https://ui-avatars.com/api/?name=S+W&color=FFFFFF&background=000000,ATHX INVITATIONAL MIAMI BEACH,United States 🇺🇸,2026,Female,ATHX Pro,Endurance,,,,2.161KM,2.097KM
14,sarah,guzman,sarah guzman,Female,,,https://ui-avatars.com/api/?name=s+g&color=FFFFFF&background=000000,ATHX INVITATIONAL MIAMI BEACH,United States 🇺🇸,2026,Female,ATHX Pro,Endurance,,,,2.421KM,1.82KM
15,Justina,Mockute,Justina Mockute,Female,Lithuania,,https://ui-avatars.com/api/?name=J+M&color=FFFFFF&background=000000,ATHX INVITATIONAL MIAMI BEACH,United States 🇺🇸,2026,Female,ATHX Pro,Endurance,,,,2.012KM,2.209KM
16,Chloe,Foley,Chloe Foley,Female,,ShyftX at Replay,https://ui-avatars.com/api/?name=C+F&color=FFFFFF&background=000000,ATHX INVITATIONAL MIAMI BEACH,United States 🇺🇸,2026,Female,ATHX Pro,Endurance,,,,2.25KM,1.959KM
17,Jacy,Kuhlman,Jacy Kuhlman,Female,,,https://athxgames.com/storage/profile-photos/KHkvZHypMjlQWzMzEq7U9djsO5TWOiF8PNqJ1OA0.jpg,ATHX INVITATIONAL MIAMI BEACH,United States 🇺🇸,2026,Female,ATHX Pro,Endurance,,,,2KM,2.187KM
18,Deb,Graff,Deb Graff,Female,,,https://ui-avatars.com/api/?name=D+G&color=FFFFFF&background=000000,ATHX INVITATIONAL MIAMI BEACH,United States 🇺🇸,2026,Female,ATHX Pro,Endurance,,,,2.259KM,1.919KM
19,Caitlin,Donahue,Caitlin Donahue,Female,,,https://ui-avatars.com/api/?name=C+D&color=FFFFFF&background=000000,ATHX INVITATIONAL MIAMI BEACH,United States 🇺🇸,2026,Female,ATHX Pro,Endurance,,,,2.1KM,2.019KM
20,Paris,Ammari,Paris Ammari,Female,,,https://ui-avatars.com/api/?name=P+A&color=FFFFFF&background=000000,ATHX INVITATIONAL MIAMI BEACH,United States 🇺🇸,2026,Female,ATHX Pro,Endurance,,,,1.75KM,1.909KM
21,Natalia,Castano,Natalia Castano,Female,,,https://ui-avatars.com/api/?name=N+C&color=FFFFFF&background=000000,ATHX INVITATIONAL MIAMI BEACH,United States 🇺🇸,2026,Female,ATHX Pro,Endurance,,,,2KM,1.551KM
1,Jonne,Koski,Jonne Koski,Male,,,https://ui-avatars.com/api/?name=J+K&color=FFFFFF&background=000000,ATHX INVITATIONAL MIAMI BEACH,United States 🇺🇸,2026,Male,ATHX Pro,Endurance,,,,2.283KM,3.675KM
2,Moe,Romero,Moe Romero,Male,,,https://ui-avatars.com/api/?name=M+R&color=FFFFFF&background=000000,ATHX INVITATIONAL MIAMI BEACH,United States 🇺🇸,2026,Male,ATHX Pro,Endurance,,,,2.25KM,3.552KM
3,Nate,Scola,Nate Scola,Male,,,https://ui-avatars.com/api/?name=N+S&color=FFFFFF&background=000000,ATHX INVITATIONAL MIAMI BEACH,United States 🇺🇸,2026,Male,ATHX Pro,Endurance,,,,2KM,3.654KM
4,Cooper,Marsh,Cooper Marsh,Male,,,https://ui-avatars.com/api/?name=C+M&color=FFFFFF&background=000000,ATHX INVITATIONAL MIAMI BEACH,United States 🇺🇸,2026,Male,ATHX Pro,Endurance,,,,2.53KM,3.094KM
5,Ivan,Verdun,Ivan Verdun,Male,,,https://ui-avatars.com/api/?name=I+V&color=FFFFFF&background=000000,ATHX INVITATIONAL MIAMI BEACH,United States 🇺🇸,2026,Male,ATHX Pro,Endurance,,,,3KM,2.461KM
6,Nicolas,Fernandez,Nicolas Fernandez,Male,,,https://ui-avatars.com/api/?name=N+F&color=FFFFFF&background=000000,ATHX INVITATIONAL MIAMI BEACH,United States 🇺🇸,2026,Male,ATHX Pro,Endurance,,,,2KM,3.459KM
7,Gibran,Rodriguez,Gibran Rodriguez,Male,Mexico,CROSSFIT COMPLEX,https://athxgames.com/storage/profile-photos/qbB7IjSjzF7RTNIwTpKOvLXOVxoLhUQUABjCoO0z.jpg,ATHX INVITATIONAL MIAMI BEACH,United States 🇺🇸,2026,Male,ATHX Pro,Endurance,,,,2KM,3.426KM
8,Lucas,Bistoquet,Lucas Bistoquet,Male,,,https://ui-avatars.com/api/?name=L+B&color=FFFFFF&background=000000,ATHX INVITATIONAL MIAMI BEACH,United States 🇺🇸,2026,Male,ATHX Pro,Endurance,,,,2.25KM,3.172KM
9,Boris,San Martin,Boris San Martin,Male,,,https://ui-avatars.com/api/?name=B+S+M&color=FFFFFF&background=000000,ATHX INVITATIONAL MIAMI BEACH,United States 🇺🇸,2026,Male,ATHX Pro,Endurance,,,,2.02KM,3.395KM
10,Sebastian,Dayoub,Sebastian Dayoub,Male,,,https://ui-avatars.com/api/?name=S+D&color=FFFFFF&background=000000,ATHX INVITATIONAL MIAMI BEACH,United States 🇺🇸,2026,Male,ATHX Pro,Endurance,,,,2KM,3.385KM
11,David,Anderson,David Anderson,Male,,,https://athxgames.com/storage/profile-photos/RFtH3tVAN1Sa8PCaB6FbUf0jjVxkp1PkYlv0zMdb.jpg,ATHX INVITATIONAL MIAMI BEACH,United States 🇺🇸,2026,Male,ATHX Pro,Endurance,,,,3KM,2.235KM
12,Alan,Garcia,Alan Garcia,Male,Mexico,Impetus Fitness,https://ui-avatars.com/api/?name=A+G&color=FFFFFF&background=000000,ATHX INVITATIONAL MIAMI BEACH,United States 🇺🇸,2026,Male,ATHX Pro,Endurance,,,,2.947KM,2.279KM
13,Stephan,Mixter,Stephan Mixter,Male,,,https://ui-avatars.com/api/?name=S+M&color=FFFFFF&background=000000,ATHX INVITATIONAL MIAMI BEACH,United States 🇺🇸,2026,Male,ATHX Pro,Endurance,,,,2.39KM,2.477KM
14,Gregory,Donohoe,Gregory Donohoe,Male,,,https://ui-avatars.com/api/?name=G+D&color=FFFFFF&background=000000,ATHX INVITATIONAL MIAMI BEACH,United States 🇺🇸,2026,Male,ATHX Pro,Endurance,,,,2.168KM,2.599KM
15,Max,Cantor,Max Cantor,Male,,,https://ui-avatars.com/api/?name=M+C&color=FFFFFF&background=000000,ATHX INVITATIONAL MIAMI BEACH,United States 🇺🇸,2026,Male,ATHX Pro,Endurance,,,,2KM,2.763KM
16,Esteban,Ospina,Esteban Ospina,Male,,,https://ui-avatars.com/api/?name=E+O&color=FFFFFF&background=000000,ATHX INVITATIONAL MIAMI BEACH,United States 🇺🇸,2026,Male,ATHX Pro,Endurance,,,,2.488KM,2.264KM
17,Emmanuel,Newsome,Emmanuel Newsome,Male,,,https://ui-avatars.com/api/?name=E+N&color=FFFFFF&background=000000,ATHX INVITATIONAL MIAMI BEACH,United States 🇺🇸,2026,Male,ATHX Pro,Endurance,,,,2KM,2.688KM
18,Christian,Espinal,Christian Espinal,Male,,,https://ui-avatars.com/api/?name=C+E&color=FFFFFF&background=000000,ATHX INVITATIONAL MIAMI BEACH,United States 🇺🇸,2026,Male,ATHX Pro,Endurance,,,,2.128KM,2.557KM
19,David,Crespo,David Crespo,Male,,,https://ui-avatars.com/api/?name=D+C&color=FFFFFF&background=000000,ATHX INVITATIONAL MIAMI BEACH,United States 🇺🇸,2026,Male,ATHX Pro,Endurance,,,,2KM,2.652KM
20,Fady,Issa,Fady Issa,Male,,,https://ui-avatars.com/api/?name=F+I&color=FFFFFF&background=000000,ATHX INVITATIONAL MIAMI BEACH,United States 🇺🇸,2026,Male,ATHX Pro,Endurance,,,,2.169KM,1.941KM
21,Jalon,Colston,Jalon Colston,Male,,,https://ui-avatars.com/api/?name=J+C&color=FFFFFF&background=000000,ATHX INVITATIONAL MIAMI BEACH,United States 🇺🇸,2026,Male,ATHX Pro,Endurance,,,,2KM,1.911KM
